date,DGS1MO,DGS3MO,DGS6MO,DGS1,DGS2,DGS3,DGS5,DGS7,DGS10,DGS20,DGS30
2022-01-03,2.0051619667223255,2.5051619667223255,3.0051619667223255,3.5051619667223255,4.0051619667223255,4.105161966722325,4.205161966722326,4.2551619667223255,4.305161966722325,4.405161966722326,4.5051619667223255
2022-01-04,2.003284391872755,2.514318375960653,2.9927916595451602,3.4963884568625105,3.987699621475894,4.075662756386642,4.223942621647657,4.255938472023217,4.310874482864314,4.390625671905193,4.497553050945666
2022-01-05,2.017123835044228,2.5527399646212734,2.9656252265186254,3.5002099895116805,4.0089385232222225,4.01990531683389,4.1973711050274956,4.280394398228646,4.313450258187631,4.35603195199241,4.508488717277712
2022-01-06,2.048467557259335,2.5381473057261483,3.0014998864693103,3.533337527163735,4.015251554525682,4.011765264752656,4.205283828121484,4.253809465536196,4.33029327426682,4.343194081938652,4.491556865093611
2022-01-07,2.0446645597260065,2.514134281621058,2.9775026917226226,3.552154383442184,4.027161149991612,4.023680150712014,4.166599393095127,4.26508757828791,4.349643516548907,4.3317299069668325,4.463900403519124
2022-01-10,2.0442597657311823,2.482837821787132,2.967922532910864,3.5510617156282267,4.038250879463781,4.051963330850949,4.171816036280494,4.306741880242947,4.33290899525651,4.338149001170836,4.46956509189759
2022-01-11,2.0767068138234537,2.513621499799039,2.9544171793816036,3.5341006629020444,4.046927589664467,4.043562895391364,4.210634168397537,4.315998784192215,4.351147237050449,4.332108855330199,4.487678753372017
2022-01-12,2.092912722624996,2.5275660271446045,2.973172881138977,3.4919215690939427,4.0212553613167294,4.0361915774675285,4.1925335282706415,4.322387628522519,4.328277722726736,4.346724728989712,4.454636498820168
2022-01-13,2.0843743714357985,2.527305470255897,2.968125024102638,3.478389639238596,4.0430528519786595,4.060120728682145,4.17669820389031,4.323409886668508,4.340885977018991,4.3353162000938,4.471892283315789
2022-01-14,2.096070132823643,2.5337494032984185,2.9939244260722377,3.475011594978167,4.06728921234334,4.0235704552043625,4.1928233600378935,4.292836818042116,4.354125313229175,4.335019937272867,4.489082967906682
2022-01-17,2.090952180870807,2.515390024255864,2.9846050154907733,3.459418406338556,4.066851799365392,4.019950441604114,4.166117731637113,4.324098678659736,4.320049377299338,4.362850088040217,4.512315071853227
2022-01-18,2.0824509001929163,2.5651183782417153,2.990998213128764,3.457606581390225,4.06679557476263,4.02457223379613,4.154275945432928,4.312694840257149,4.32272227662344,4.370499906712831,4.537497990544176
2022-01-19,2.0880944245437916,2.5685070808007744,2.975095550983123,3.459947897968955,4.03697770363107,4.034360887141386,4.167009047104116,4.323588784304363,4.314156633275788,4.370103434798614,4.582342547956921
2022-01-20,2.050623578656757,2.5714897356989934,3.0187932925447125,3.4562455373389147,4.048057557757548,4.024959512283689,4.15511808915645,4.29312285717906,4.2997760871232025,4.358859304966033,4.576015465990662
2022-01-21,2.016909979480669,2.58678982565114,2.995826081638295,3.444030243196618,4.060283464066004,4.02643308999198,4.151183446886404,4.270318421363077,4.327577891211356,4.346979434505905,4.578991655066393
2022-01-24,2.009614850814757,2.600360632204782,3.005973117761743,3.4513539585548605,4.062990265644925,3.9806171648426263,4.170017783011612,4.3029707912664295,4.318454930317515,4.333917791365773,4.57461350832034
2022-01-25,1.9900982249646493,2.6055783092469453,3.0193886519369655,3.460932768102829,4.086217329398916,3.968192193152531,4.179188701238925,4.296764742043854,4.303067388291735,4.323837650606698,4.575393041772037
2022-01-26,1.9971108058263132,2.5904964543477975,3.0283922680957542,3.4398524207637307,4.080263418989076,3.977990001613378,4.18525270337459,4.326557885774462,4.305308921301594,4.339678601591341,4.6067781430945205
2022-01-27,1.9796651344508338,2.600640631625462,3.025401325053145,3.468785878493601,4.092270347641892,3.95905893106323,4.179185067924134,4.325708082728237,4.319735526362508,4.335955646300441,4.580592663550853
2022-01-28,1.952120588556319,2.638982649687154,3.023506439190667,3.4675156439801067,4.072578589000241,3.960940143627212,4.187287818361704,4.289571655401271,4.317604082774496,4.309661713045006,4.564073198239732
2022-01-31,1.985115066445622,2.669572553121126,3.028064171141122,3.471574138949876,4.075789048493628,3.973559096154138,4.188494667270581,4.311094509906777,4.344612996198753,4.348706601417074,4.595298319480696
2022-02-01,1.981243442003183,2.702080187221205,3.025768032675843,3.486382328982298,4.072945864902863,3.9673520137042746,4.198294681036389,4.299940565118957,4.355876411005327,4.35574980680727,4.616342951186029
2022-02-02,1.983222397730163,2.692484265325803,3.0456740066449632,3.49167504324079,4.078080414976904,3.9713896807574276,4.18898443216725,4.3145427330225194,4.3129405762439195,4.328239330430228,4.609708709882908
2022-02-03,1.9553398833847728,2.67330461829951,3.090496916055669,3.511350225297934,4.071302325779115,3.9527474788306147,4.185945502058539,4.3156593997522,4.302963686352658,4.320014801264291,4.627409199284203
2022-02-04,1.9450483084225658,2.6713849594258137,3.079943159883809,3.517688788130267,4.069268953393979,3.94921133276499,4.166742425735795,4.285393114721639,4.292322923893921,4.322828608449155,4.63482959566234
2022-02-07,1.950613706815111,2.675846404269935,3.055894046890575,3.5087869872358053,4.089136843421157,3.9647626027551217,4.169389220134018,4.292025956627398,4.3052570895608575,4.36026739691345,4.668182034440707
2022-02-08,1.9281202583151857,2.6982566576878755,3.054654828972071,3.516543480788449,4.080927981724913,3.968428485023012,4.153695625909963,4.336476842518975,4.2532871714818965,4.338631570796794,4.670198649365763
2022-02-09,1.9361422091429772,2.6649153555544567,3.106757006186035,3.4941769471029134,4.049304430171016,3.9572058500926115,4.1319226873676005,4.3468445621501415,4.304775356117128,4.358660375644791,4.691219282104092
2022-02-10,1.9246185965750284,2.6959955231740964,3.091172676057068,3.4968373024488715,4.084785269485553,3.9621793394088547,4.137585071555135,4.34618336832046,4.3158850392454395,4.387139265414666,4.744548681544373
2022-02-11,1.9192546625158393,2.693305306139193,3.1244249531026256,3.4966426435726583,4.11288429199604,3.976941476158263,4.1423098080089655,4.368160177296275,4.31933251626047,4.375036120249851,4.756980605581999
2022-02-14,1.9101723363681347,2.6877194908371282,3.160930775481038,3.495432112524091,4.08999084419081,3.9388944566835975,4.16091908880482,4.375325352697221,4.345915676685737,4.37243765396953,4.760918974994779
2022-02-15,1.9476071647972732,2.6678666680708845,3.150248275385838,3.4932506270342722,4.104174265034674,3.962465202721675,4.152685842152278,4.379905302041436,4.3931780224809485,4.352100733761014,4.775757179438158
2022-02-16,1.9477053971198752,2.63513771145093,3.161996113786904,3.45598182294168,4.0944829464410075,3.9561082847654143,4.161215075906373,4.358440975415615,4.410961132190077,4.3483996877567686,4.768819739091441
2022-02-17,1.9268979122235113,2.651947856812922,3.1949107799322287,3.445354058469615,4.100099424430383,3.964964817112973,4.1725777610346,4.363464669614161,4.430284127802264,4.348014621952663,4.81692582688469
2022-02-18,1.943673752154779,2.6537391578458944,3.187653166801683,3.4475358981816413,4.106308848699857,3.9892346972750805,4.181798178880436,4.384498479631704,4.433222869980756,4.3615325636035145,4.820852189327813
2022-02-21,1.9217586907087272,2.6304417514044416,3.1860833711530043,3.453234837574958,4.1041225042469,3.9643030348838404,4.167786916777763,4.370279048143072,4.432894166466785,4.385838044577293,4.817895334476672
2022-02-22,1.92617037839337,2.604774591747717,3.174684168658579,3.432915750540986,4.088681606719719,3.9503486306198363,4.171008602207733,4.399003380352557,4.423612673371234,4.371110539069407,4.801415970160818
2022-02-23,1.8871879542735106,2.5982698761196508,3.154600012402458,3.4584408857160165,4.07508176403113,3.9447886350600596,4.178502386486563,4.397380238227392,4.40730141189468,4.331975016142624,4.823571352350683
2022-02-24,1.8608114655947576,2.631837538924654,3.1418016938003537,3.4413046210509424,4.056945158020721,3.929300796936786,4.178833188123938,4.379812080295837,4.393748362199906,4.3317373528563134,4.841102332906454
2022-02-25,1.8649118749575921,2.6268088965428342,3.1174860731105603,3.460856949706929,4.040471898501563,3.9641627130989745,4.137266819601968,4.399927906479694,4.366900427558498,4.337771288101139,4.831318430123624
2022-02-28,1.8816846955959587,2.5987495265189304,3.1201712315142034,3.471404325982821,4.041131821739035,3.9490307602608965,4.142480101119895,4.396195510803387,4.367386487583255,4.3447631308932975,4.844850946064531
2022-03-01,1.885176183110532,2.5938987871279853,3.1048358887838043,3.4585439016767188,4.0268807438475935,3.937983946561934,4.186794843798615,4.411449930443883,4.333757257929502,4.338293787833892,4.8147439485910475
2022-03-02,1.8829018923240937,2.5884829905943585,3.1095502818809457,3.4940887943902355,4.0405604600231735,3.94211040205532,4.179632733284802,4.4056534326600385,4.337614263273704,4.340827504688497,4.8184820349538375
2022-03-03,1.8768927886697195,2.5345582279929384,3.078445339214285,3.4702290280125174,4.070318353387303,3.918080381791209,4.165084161585106,4.404469880046852,4.336900621370267,4.371149371112953,4.8275501322527825
2022-03-04,1.8473093645582297,2.533459346358441,3.085049959554433,3.4885991271805765,4.058704304255761,3.9101537832519426,4.172538148475193,4.414328099829397,4.33982634303386,4.378771070188061,4.861683744139826
2022-03-07,1.8343765458922097,2.5303047212561416,3.103184604288485,3.51007483904331,4.064956459768343,3.9179669139788205,4.180249778186399,4.421610106483071,4.330847777135334,4.372767767189874,4.847731433587126
2022-03-08,1.8250446232272306,2.5441097013066263,3.0631907441912722,3.496543287615993,4.074831014728617,3.911190558645387,4.2039853342489435,4.381580323628253,4.392265837293161,4.362644663602171,4.822045233765296
2022-03-09,1.8460408329206857,2.5809425883746107,3.0705256407573014,3.5242463587863573,4.0841248253160805,3.9091765866364643,4.1786817362998425,4.359009213995441,4.419321920465844,4.359101381617694,4.803990439715872
2022-03-10,1.852739673514258,2.603300363767769,3.0949054954089705,3.519071903296582,4.085470405476605,3.8984164191897004,4.193135816153546,4.377423888493461,4.3942575452663535,4.391662655656509,4.7770855445117775
2022-03-11,1.817277860147323,2.5977215796969917,3.0705116647754656,3.524644765622498,4.100123043584119,3.867926002746405,4.204743247118896,4.3745801464557506,4.398713896755211,4.387795631206306,4.803617681407277
2022-03-14,1.8246509034983889,2.5764824254853282,3.10485447647539,3.5307425663610923,4.1106593866009025,3.875249230936359,4.202791680343253,4.3649968843634905,4.387445137859633,4.38829110827906,4.8354818312709265
2022-03-15,1.8166365241356843,2.6276368877959473,3.112922122908332,3.5277436577773034,4.085593404399978,3.9100351586149267,4.2092526929473095,4.337512670303964,4.366842809571107,4.378332103105957,4.841573429075526
2022-03-16,1.8027570150735517,2.6284801874202235,3.0984808167371507,3.5436187541844855,4.1026354566317496,3.9100621221745806,4.229500773523263,4.315576874822432,4.339700299092615,4.399970701198781,4.865658258933214
2022-03-17,1.8146209914445712,2.628389223852685,3.0969958857781994,3.559118979189732,4.120011723971287,3.914197855113734,4.246577531718034,4.274771352617396,4.347975083502003,4.438797896887878,4.867967877139022
2022-03-18,1.834842815530102,2.6275085557460964,3.107764257664245,3.52375017336058,4.104347835523328,3.9276541438516834,4.223318979112172,4.272347571878977,4.333949312436223,4.4474119915121175,4.865667477820618
2022-03-21,1.853762107970383,2.631763941019411,3.109578055550451,3.5501306682761005,4.105400282290236,3.902561223978707,4.240015832905239,4.260672510325314,4.353599522974684,4.4493611396457835,4.859300415497501
2022-03-22,1.8364639273699257,2.6283629026449273,3.1198393452633733,3.516366998379382,4.118553032010452,3.936097687005294,4.238208230668583,4.240826922369602,4.372961337129288,4.4495829661732635,4.852578765533944
2022-03-23,1.8297366776330377,2.6163466602874585,3.100882871181922,3.5364749202463512,4.113823753399003,3.9396012607138866,4.23912271040903,4.23892145164638,4.399896622613654,4.401353828177685,4.821079732187901
2022-03-24,1.8357896867463925,2.604837221947934,3.1036978281479266,3.5584367634681864,4.134711054839605,3.971666139180952,4.2400143907143475,4.245628604748719,4.382276627777455,4.415684585948664,4.825792567945331
2022-03-25,1.8546989959378446,2.603580563192619,3.0748219448588325,3.5360158415128877,4.181386911380998,3.956403885919477,4.236407937587386,4.286890970041921,4.391182346640299,4.417766320917586,4.824384296390053
2022-03-28,1.8447952227659075,2.5923917793549127,3.072277135216827,3.5274792673387645,4.165346902313266,3.9924448359556024,4.259921799114497,4.2563330132356265,4.403511142558115,4.426012873515769,4.83897122245658
2022-03-29,1.840362523253319,2.5774153437220573,3.053479462408219,3.504645653989734,4.13700649027088,4.007228425856987,4.257527919938201,4.2788011141223254,4.393308059076724,4.411064109654784,4.840122172406041
2022-03-30,1.8174867179975576,2.5787948425002543,3.038019757780783,3.499598127608318,4.142333756407336,4.017540121798392,4.2343878915948965,4.297514039566985,4.377123514153225,4.4026258662996,4.836118992599018
2022-03-31,1.7927838698059115,2.5729165824418043,3.061962905574959,3.4926587262145707,4.1559862907998255,4.021441895175423,4.22573857876547,4.2811534690694195,4.408535211758712,4.393626651859504,4.817916416288833
2022-04-01,1.8082260452453724,2.6021881012050354,3.0829807669784213,3.5074435958515346,4.150560622314508,4.0156629818055105,4.228504132093255,4.284409847152715,4.412276788264929,4.4132507705325414,4.818551140016844
2022-04-04,1.8344091786176202,2.548227037838006,3.094221862197396,3.532708103574757,4.17868416838176,4.03873194777582,4.252146760580028,4.274315514966795,4.424054476079996,4.404733906601312,4.832374217433999
2022-04-05,1.832042155929996,2.569130354620438,3.071448786647927,3.5596949595345393,4.150985232131277,4.040612324916762,4.263281834022987,4.277102466319152,4.40668613558742,4.44546029278749,4.808580617356305
2022-04-06,1.8511564231926612,2.593095667775215,3.0641642269588556,3.547495208307798,4.163887213896734,4.0003145401498434,4.245314737752871,4.306328695892068,4.381344055561801,4.453121150472615,4.809373701734744
2022-04-07,1.8574032198442132,2.550641939277652,3.087440257109039,3.542324846983507,4.150784073632156,3.9769848870663043,4.294032612237049,4.317454896695295,4.3689691362225584,4.426621573423301,4.8130486369159335
2022-04-08,1.8434854137847292,2.5427727764286634,3.089259184414456,3.5076406721717066,4.184156220788921,3.9722525610550674,4.298312707489226,4.326611653192581,4.365473297507376,4.42303523659088,4.797671930276186
2022-04-11,1.849151891180486,2.533782524394336,3.134084340499678,3.4899618361273714,4.22244509313787,3.9768911060039667,4.322259087534794,4.316444032079076,4.342627462656617,4.40844029943334,4.784353369463615
2022-04-12,1.8787798979273678,2.5044995659175417,3.1408179727051277,3.5081261442068827,4.205979236799766,3.9746266116435303,4.318092074280813,4.285630174198152,4.341297841901172,4.363419925454501,4.787832861856501
2022-04-13,1.8769015263276663,2.4877813813482215,3.1434971042174253,3.5392759498603446,4.193826243264092,3.997844176621902,4.32759740835742,4.280298959169842,4.3063658873223005,4.394247493439275,4.764002590673147
2022-04-14,1.9070035205585807,2.4643789855535396,3.13612389604801,3.513398093537381,4.209827122118323,3.9576312604557637,4.3431958995624225,4.3032402433817545,4.2827740599875375,4.407119465398309,4.769810186092768
2022-04-15,1.8533888182924019,2.4982045942376283,3.1375749139592717,3.500329008169939,4.200864708938148,3.9592832190014837,4.366339993613123,4.271477086065578,4.2949724847686905,4.416563811571912,4.7506832984352005
2022-04-18,1.8676562656316769,2.514747559352348,3.1323549144834315,3.497630290282531,4.197785881831274,3.920753031745511,4.385316756972458,4.248204695953814,4.304877692426019,4.417701282029676,4.7697697695476355
2022-04-19,1.8680629601767025,2.538844414432493,3.145182841197465,3.5018992666391853,4.196959403422385,3.9346130308354557,4.4014264501541795,4.249395803858758,4.295705910298544,4.388726683836089,4.815192077635664
2022-04-20,1.8607203067215043,2.551915349267477,3.1629543810874763,3.4843446897948716,4.15720343385255,3.9313613501007354,4.393762209084417,4.228340201715932,4.2739881176711245,4.3776918345991005,4.796614435155747
2022-04-21,1.861164913805986,2.527943705396904,3.145843983431089,3.491435302237925,4.155536070484438,3.938362941094989,4.380936679799067,4.211099124327399,4.2520494381943745,4.393136841648552,4.805907983957011
2022-04-22,1.819994991020416,2.5160347555777567,3.117800779866381,3.4805399708029547,4.140322970509602,3.919666737389642,4.386170285511999,4.201208608199283,4.243165528781997,4.3706938965593505,4.789954601365819
2022-04-25,1.812841216456009,2.523061909994658,3.0783163355966585,3.4774905885777323,4.12770017725395,3.9424956992151405,4.4020725101511635,4.171135923307824,4.253295561807246,4.317298173426677,4.808013348034118
2022-04-26,1.8184550035056732,2.4970908894362482,3.0869476977543386,3.4868878091572353,4.155044352942755,3.961801728115746,4.396089631755061,4.150125022002926,4.270332011253561,4.311227588890487,4.781179715471843
2022-04-27,1.8464574368394968,2.5097954104786897,3.0633249180698545,3.4854608069924473,4.128358767496164,3.9719171666149777,4.4158376235083425,4.162638132777666,4.258845928982916,4.3068369902489305,4.789236003079392
2022-04-28,1.8345098165309934,2.503406686572496,3.018684890267774,3.4751508732388854,4.143040655288092,3.9677446057346786,4.443307742475034,4.134908521190015,4.234193864520189,4.307966042634194,4.770194007798573
2022-04-29,1.8167311828785346,2.494301508826909,3.0248477007637984,3.471349915565774,4.135852635086862,3.9777329898459866,4.4233725624989715,4.101342316905524,4.237941975682921,4.32092765390989,4.764445554422011
2022-05-02,1.803373957764833,2.505198623948968,3.0713856068704435,3.466260572139656,4.126935347474934,3.9602730542442273,4.403312064181034,4.085419733072834,4.218149192028393,4.330357685912502,4.740502964677054
2022-05-03,1.8199694395048125,2.5123713295646275,3.069551628025584,3.4571477909279524,4.141030224781907,3.97567160681058,4.398792002388866,4.09834628250897,4.206071578637108,4.333820521403319,4.7552374134809074
2022-05-04,1.8248065856742768,2.5034141302245163,3.084583567490887,3.4502339936508806,4.1460933746495545,4.006923348673329,4.40320637972892,4.092669970325303,4.230839224422118,4.355993273141324,4.736759930368386
2022-05-05,1.81244845902144,2.524837803714305,3.0844572320843424,3.4804440144834787,4.155742712016449,4.026572637295417,4.3909521168760834,4.081615426185494,4.245618610415938,4.323850954947562,4.746036292977526
2022-05-06,1.8209261148301814,2.5014288443087813,3.080691746166994,3.4898747105887775,4.173318712373581,4.010192895045743,4.4162084775999,4.08071490928228,4.246990403807441,4.3321548983835845,4.737366639558754
2022-05-09,1.8190199675389598,2.5098998581694842,3.095225577548567,3.480117405950012,4.162844846431732,4.013573543113022,4.4208421165520875,4.041953062346905,4.217704325507004,4.340837967372139,4.7312294938445945
2022-05-10,1.8365090016951742,2.5198780176744084,3.08753622101035,3.4921726283857835,4.148716246087133,3.9858268465834064,4.419747191862459,4.049963309767963,4.220048391201975,4.314162855996092,4.732300746338154
2022-05-11,1.8205607936624064,2.511779942732908,3.090976921136568,3.4835890924354427,4.125106089400757,3.9953675066516996,4.389121855229868,4.055724864240815,4.239394390862504,4.282198297667224,4.715157106749755
2022-05-12,1.8120774430887483,2.516372495536048,3.0954807696187854,3.5051214775454724,4.106667771159475,4.0024494672672475,4.360875431259614,4.045608587117197,4.22995160990549,4.2653493474960085,4.71743434137887
2022-05-13,1.8022825367161988,2.4893974806984347,3.0801662172360174,3.510561578079528,4.163696916355742,3.9631003971666967,4.364542872955344,4.063774334043219,4.255021148395318,4.250165775335796,4.746088289356052
2022-05-16,1.7686826815838983,2.5035484649129156,3.095677508057091,3.504085979029786,4.184260951800821,3.935535164118792,4.31756140426259,4.036894855894501,4.276546498016025,4.260904608436187,4.7261968374697405
2022-05-17,1.7725651919842584,2.497810527043124,3.0901384177822506,3.5110004224050595,4.155199569335728,3.927832491042985,4.335774257314539,4.057413140618641,4.307781259517962,4.2465739376214335,4.747593145194285
2022-05-18,1.775725494321783,2.48529526352667,3.072962711486321,3.4775220962576165,4.126689607094784,3.919754492994096,4.330550377321019,4.058442210824472,4.311825318942516,4.227386164149737,4.7754942947579675
2022-05-19,1.7737464169295827,2.5041941015183586,3.081611561832679,3.452905400354371,4.134245581804104,3.8934836077606705,4.393330890187865,4.049629812501859,4.321491806413587,4.2130721428907965,4.757089848452358
2022-05-20,1.7669531549516786,2.4880057083971017,3.061540682886457,3.4269253809159883,4.143089358441262,3.899161663037312,4.437387695889786,4.0471308204840915,4.347674032869808,4.233343270263478,4.725887237040145
2022-05-23,1.7338850703648472,2.4550758127240075,3.057343636288017,3.4250235730654395,4.149306365401787,3.8994304654703,4.428998044759013,4.040224855422051,4.351861241865365,4.228843468005195,4.727165785297758
2022-05-24,1.7232937776622361,2.4217648430062253,3.0549828701078288,3.4574954868078374,4.142028863283409,3.893366696583425,4.424692918461083,4.0624521271031,4.339658173462256,4.223080061250752,4.714039248595116
2022-05-25,1.7142428688738072,2.431688423575245,3.0745041629665666,3.4999248712737967,4.137323159625457,3.8760542481223643,4.442407930283229,4.038721926095786,4.3284906982738045,4.218683332818838,4.749214694520482
2022-05-26,1.6959828776120767,2.403865390648021,3.0817836817468676,3.5104714474253136,4.141666304231347,3.8948139447733974,4.4742569366042915,4.021257095435556,4.331047351471981,4.24231009362807,4.747696399453181
2022-05-27,1.6905253001558886,2.4367294110648405,3.079051279349097,3.5182564737013347,4.141152301134345,3.9256902238122953,4.439264492232704,4.039751290054138,4.30300425981019,4.225094795873137,4.729420548069609
2022-05-30,1.693471530533887,2.3899560361488734,3.0902718185748097,3.4771005322599873,4.091631506921102,3.910884207377072,4.398402196167318,4.022705804592168,4.295004294744613,4.246270174933647,4.701342571091083
2022-05-31,1.7288979180594364,2.421587833016013,3.1157786390564954,3.463949725766646,4.084738183810937,3.896343538535315,4.383664169557568,4.038419135640138,4.314637906610557,4.2481827704134165,4.720843339774238
2022-06-01,1.7300768517750122,2.4234955598190044,3.124622222642471,3.4458814281874197,4.065397432584669,3.9038550693024945,4.393006298679985,4.070095232759252,4.26850020704619,4.242661760232849,4.707107037751494
2022-06-02,1.7329003841717059,2.419233822163835,3.1225017996215776,3.4311370008046365,4.066574185545078,3.8943670062897926,4.400616295072375,4.0597318568026575,4.296862373664319,4.290352294773771,4.70565613832294
2022-06-03,1.7290695811288466,2.4059935557001206,3.0939231902470388,3.4254322397054047,4.1239374808696105,3.8892371775489916,4.419669839444517,4.071017218606628,4.316967973310847,4.266897620250264,4.722430308497655
2022-06-06,1.6852476752683816,2.4085297964326777,3.067174435431047,3.410543946596978,4.125840632624612,3.898583759029001,4.390229407322726,4.042496891425347,4.302326199439753,4.254377423504439,4.707298659904554
2022-06-07,1.682322394859951,2.405382099484734,3.0586749384445073,3.368562947490016,4.1171750360017185,3.858001634379409,4.341511527163902,4.055196554487257,4.310799013097743,4.227333795821714,4.703985080430304
2022-06-08,1.6811198660588027,2.425041004125096,3.0440775614013527,3.3811140196123977,4.133203933041295,3.8819605478764942,4.3562646780699765,4.056777901207023,4.3084548346359,4.243975902232469,4.701246579233885
2022-06-09,1.7279659123792053,2.424906761169033,3.0379193394123405,3.3572403631682985,4.1404388948561754,3.8809953624337767,4.337281956681369,4.063819870920924,4.330635846075371,4.275340884976199,4.712494273534904
2022-06-10,1.72168870485211,2.4254828081667985,3.0366223496788103,3.359595312219049,4.14641079643374,3.87033551131106,4.294482211162123,4.048478441248744,4.347859520699297,4.306309352372818,4.7218791720136375
2022-06-13,1.722028417935335,2.4125193301590735,3.041524971002497,3.3953857318506007,4.1528565745346055,3.8628595944631847,4.291692252317865,4.009565539173954,4.31416687247219,4.325097093672292,4.711785663625094
2022-06-14,1.7188641955909432,2.4089104307343656,3.0376450084910287,3.3745280530685857,4.19151745888091,3.8596381946133085,4.30508577913195,4.017160593518656,4.323442133791186,4.318674697366086,4.710588657904737
2022-06-15,1.693011855647072,2.4125876869207263,3.044896262176072,3.3214435234221784,4.166420910982911,3.8225353893529292,4.300165857298044,3.9734137512775862,4.316850797526841,4.308891098624808,4.700674298482786
2022-06-16,1.7133812289061985,2.37589723603642,3.0436986674411006,3.313236355953402,4.173406469487967,3.8499470708708197,4.288521806543221,3.9645796584015622,4.316020365906029,4.272980620143753,4.668634967313224
2022-06-17,1.7259249935511736,2.3464386315855448,3.001694440105262,3.332760652644613,4.152383950879575,3.848278687507472,4.282839665891543,3.9809083997212014,4.298962031877872,4.311203194838628,4.671292088452427
2022-06-20,1.7358801386392455,2.3554384196132103,2.9770422383760984,3.366062107876236,4.157628709953631,3.8512732362636304,4.269562516790738,3.978880860585872,4.3280592794075,4.314717262548808,4.703270429816298
2022-06-21,1.715171194352496,2.356334533184914,2.9716392920708112,3.3389499207963325,4.136733784533054,3.8677830364842567,4.240080379361079,4.015326518290814,4.346339320614697,4.302356929260565,4.6830748518116225
2022-06-22,1.7407005585084603,2.350128344395103,2.9449188751512314,3.3463573831983053,4.125859926198195,3.844833265270293,4.223260243758513,4.0333021792796915,4.329017375272479,4.326391544977546,4.665087735556811
2022-06-23,1.7101321908666975,2.3479656766704937,2.9543861033652385,3.3345198276767873,4.117426781527519,3.85177135686508,4.231154495472873,4.017692865127263,4.299793816748358,4.304404908256428,4.645141833738019
2022-06-24,1.7193336660119203,2.3523816440469445,2.9824654532813297,3.329865193859922,4.134407449183631,3.8438828683163218,4.23505239956962,4.01570346599351,4.289544697398019,4.3100016822101,4.657098002581699
2022-06-27,1.757176043922155,2.3356197158347927,3.0008739557093116,3.376785326194298,4.146809803456515,3.854851549214686,4.23244686108299,4.008789317336655,4.292268015713878,4.300582364918317,4.6601009770596615
2022-06-28,1.7348174324487209,2.3175057363559257,2.994057213319887,3.3441780346555743,4.119347570956767,3.8097591158368362,4.209996006475103,3.974597897098913,4.294524247621983,4.310808022745104,4.654382338240513
2022-06-29,1.720941808636486,2.3188729722377004,3.021322066836707,3.346703158665287,4.117896583956584,3.805227560611832,4.20381627401221,3.9532402495490464,4.317037234897168,4.306986882741201,4.633472287787554
2022-06-30,1.720383891876446,2.2967545726236067,3.021744471918956,3.3535060780388024,4.101154042799808,3.7906202034343592,4.15772402902156,3.9394740873476564,4.330284685278993,4.275417380857184,4.63276887955856
2022-07-01,1.7077626696762245,2.3023679186199986,3.0124510433786975,3.372670095419692,4.073432235468403,3.796713753329145,4.158741853181371,3.8961979681726406,4.347124356676154,4.2743771991926875,4.598924727893946
2022-07-04,1.6707559132815268,2.2623227587618673,2.994189502334504,3.368636270715735,4.063098406686541,3.800121149303134,4.1813255195642665,3.8911543497642977,4.3476679769149875,4.28936099425682,4.595799771457721
2022-07-05,1.6695775035574678,2.2803562022882002,2.985590439384562,3.372247612285637,4.054379081697245,3.7834189621865137,4.149293207703245,3.883623243651057,4.3173323330905875,4.28622699691956,4.6106805899592995
2022-07-06,1.6457835443121256,2.287260266965641,2.975279018042917,3.3618667559663815,4.100365526453335,3.766627599932173,4.13502676926607,3.8476174806540064,4.31087047749683,4.299181414380522,4.583108722255807
2022-07-07,1.6527098010824024,2.2898352698094917,2.976141750648,3.364703702948857,4.106479131118123,3.7618687007185994,4.139063312997846,3.8531561461171258,4.3295266804525765,4.275725232824614,4.549912764876787
2022-07-08,1.6317785258832238,2.3069462989738994,2.9768104397544946,3.3552970669244058,4.0763839905885355,3.741393065657793,4.161577375171892,3.8649308104964426,4.32595343136758,4.272657226444714,4.578958732196181
2022-07-11,1.656831848617839,2.3343104224974156,2.970925994791828,3.3617831393557918,4.059143145139381,3.7522873742011003,4.146667517480155,3.8635261347080045,4.33006987337432,4.2542216519772085,4.560778174040354
2022-07-12,1.6386402607083566,2.3520713017350205,2.977138236123997,3.351864410572161,4.077044288985212,3.7423767081293935,4.130295988832079,3.8545182491410674,4.32116838500664,4.266634746716544,4.580970608896473
2022-07-13,1.6296778351933887,2.312732621917533,2.998429966428869,3.3568852232593507,4.116291949251756,3.681715748552106,4.088396330792903,3.86382589698525,4.298050952844949,4.264743382770929,4.575369460401661
2022-07-14,1.6434328121921067,2.284625715234143,3.01490568178902,3.3537845996369753,4.08205691565832,3.6717039400709943,4.08794972603039,3.874914936846109,4.293068704215352,4.2760294889489865,4.56961499671416
2022-07-15,1.616306485600293,2.269620303417095,2.9826986821568875,3.373796564389284,4.041949387692405,3.6484240233909806,4.12628220657013,3.8785539679773677,4.29674061281287,4.29527465720901,4.575874210440958
2022-07-18,1.6150326190114621,2.264319059140398,2.9257971941779344,3.3669456246366005,4.073545625918927,3.609975441800848,4.12600631052851,3.856238657687759,4.277803793142727,4.303283963430524,4.5523711680251155
2022-07-19,1.63869669490563,2.2721934603583005,2.94200481321124,3.3290061960809827,4.078859130274865,3.5827481298449158,4.123081951753355,3.8592918938065024,4.270610789054114,4.306267552924917,4.552542331703548
2022-07-20,1.6040770432641187,2.2552085971449447,2.912197252292645,3.351774639144976,4.059023288687051,3.582466312331289,4.1270536110184075,3.880731519872725,4.249351537264107,4.2838333208044,4.542442556456779
2022-07-21,1.6053090115218414,2.256483223521562,2.905241235341867,3.3311992842147995,4.0672551614965755,3.6065784199833297,4.124371062026513,3.866338229787567,4.269275726702466,4.2813168896781395,4.513571978675755
2022-07-22,1.6080557195781364,2.238924617045823,2.879388026992007,3.31567300961315,4.012089258887565,3.610391161631956,4.105659826752636,3.9058460687415417,4.260935663722031,4.268204133809149,4.517870672341609
2022-07-25,1.618063815831056,2.2210658998033566,2.8377200570577794,3.298131422549653,4.006528407836881,3.592632732685014,4.116497063883563,3.8897050888792073,4.284362413441928,4.255694493492438,4.506976155021425
2022-07-26,1.5909176686135258,2.190525544866424,2.846142178621907,3.3232130514131013,4.010677698293775,3.5993436835884602,4.1186051613458305,3.887946096146042,4.312530237452778,4.245796677477464,4.501428525452562
2022-07-27,1.5621135334523937,2.1696658770447597,2.8589302789285136,3.278104564234081,4.0267680981850855,3.5877668744846334,4.116562423485058,3.8721013813264693,4.308514315258897,4.223803163082374,4.474830303684833
2022-07-28,1.5701699555425845,2.140249775710285,2.8450176616918315,3.3384771256851336,4.004107769917087,3.5714924578792235,4.094672693717345,3.874184388822726,4.285962931385803,4.182273982077546,4.504275901817941
2022-07-29,1.5737402933073987,2.1183629549508893,2.790827460149084,3.357228906166605,4.003452157445304,3.5460358488147143,4.11837349665619,3.8369705992701717,4.241875618131286,4.166541765411142,4.519440829845814
2022-08-01,1.5733860735365313,2.134071714105261,2.77453849440625,3.3563296076714035,3.979579588146328,3.5056351959018954,4.126303474785067,3.820685686516052,4.207070799892965,4.165045277671839,4.533359870751468
2022-08-02,1.5780024151854102,2.1127711137875615,2.7800619519732397,3.352919105118017,3.9823746407187537,3.4955240992296455,4.112932435496661,3.7965306399680205,4.177281480853932,4.135769114222229,4.524938354161574
2022-08-03,1.5621045902551791,2.163121424585648,2.7481863900990957,3.356332856116509,3.9621703837728317,3.4963878385293867,4.130671602071639,3.796940076427205,4.202553542904501,4.133785428453001,4.488057365872845
2022-08-04,1.5644680603764742,2.170706178781341,2.749571984672754,3.364473700862171,3.9517267631677027,3.492173761307164,4.118438581482009,3.8145474201154586,4.202588430827114,4.169509193117294,4.52483410970071
2022-08-05,1.568064062671442,2.1721374540842326,2.747000340518288,3.375112565410166,3.929545008100892,3.4815889755772114,4.100533064460783,3.825202096686743,4.208115074137948,4.187704877051334,4.521346712369587
2022-08-08,1.5487429894453868,2.149936253615081,2.7535521256447826,3.3811906098647073,3.9375336880718375,3.457640009497748,4.08030495724565,3.772734864604038,4.158672609093718,4.215541662368216,4.501336671583658
2022-08-09,1.5838618612103883,2.161745832745367,2.753747114555172,3.3807856050319187,3.9525060919470776,3.4676083148735537,4.042686967725994,3.811379639204702,4.132516662051479,4.221167601448977,4.507476084615427
2022-08-10,1.5911601333813203,2.1480546899733075,2.732107349490237,3.3746604503784683,3.945635294300625,3.439087290227318,4.049939429087054,3.8151068517698152,4.148079871333101,4.242339411661402,4.528640114128189
2022-08-11,1.5651743087891412,2.1483351316180888,2.753879024875401,3.369475230057272,3.9442402995516996,3.4524480938560616,4.011156776872161,3.797417114311829,4.151655598932627,4.225700362403921,4.5260193483583535
2022-08-12,1.5761646517805126,2.1973960932021592,2.748567704233556,3.363436335268913,3.9131277420777235,3.4302630242962215,3.9844471710655407,3.7984189435103426,4.146570764177609,4.210672827882176,4.549450122535836
2022-08-15,1.5520279666241237,2.1908318434558236,2.743378561691515,3.381468685454412,3.9024911573657453,3.4105712677973186,3.9382923591321273,3.797299688208554,4.153224559597769,4.151246972007584,4.566467069554331
2022-08-16,1.5657088555928995,2.211756506875464,2.722652399403978,3.391279016793956,3.8994262619188373,3.3791747608789313,3.9345101621702363,3.7819019107634504,4.183879712614413,4.172909078382356,4.542878642700217
2022-08-17,1.5868408720321159,2.195653083232015,2.7117468592392164,3.330431348959739,3.949802228598505,3.3671068228002876,3.929463857823868,3.7838203489693596,4.17741896820274,4.201675662837823,4.527362945446095
2022-08-18,1.5684085968399761,2.19293468459697,2.6920321761335724,3.3415307356652284,3.925544259257916,3.3845944431447412,3.920911304735034,3.7696522743918472,4.176787735430795,4.188593489105772,4.544495059886584
2022-08-19,1.5856791089645983,2.226353686849416,2.68657624447484,3.34342844909934,3.952830793572701,3.3929099944533565,3.898062740381359,3.759568024077783,4.178642663345157,4.181517444517563,4.488245798150111
2022-08-22,1.5897379596674308,2.2096175778577636,2.7166136462417896,3.3388575061345245,3.9685712012061196,3.4082816688580198,3.8704212974767285,3.741645673526784,4.222288088214739,4.162243434407846,4.481059916450914
2022-08-23,1.6042720167121003,2.243959402862481,2.687268477227941,3.3291799909175257,3.9722767831407015,3.4168173736214777,3.8778015485924398,3.7110851015767703,4.1783938167711385,4.167989359282175,4.4505361462632
2022-08-24,1.640324010710736,2.2562305759171473,2.6531133836159633,3.349778379662803,4.005565327170161,3.392860111396427,3.8649066443038267,3.7121179653266343,4.190174411412472,4.188604144533797,4.439121204580086
2022-08-25,1.6335559753527924,2.2431209673613757,2.6806765171279494,3.366868635867374,4.011147163584412,3.3843840538719903,3.869373537696663,3.721963681019075,4.186018093399404,4.15188843201829,4.431284529761616
2022-08-26,1.6166448767690922,2.253932746845936,2.6746536682883617,3.3495747072143516,4.01709397220122,3.3669436959930903,3.8498321886776283,3.730424977644053,4.195517152626538,4.158240827334586,4.422283266906916
2022-08-29,1.595152922801814,2.269682170463703,2.657570548140396,3.3540140875820743,4.012329893766101,3.3898535286991036,3.849751778158282,3.7431218173219896,4.178668036171875,4.149005726525433,4.4075363764898965
2022-08-30,1.5770988410787756,2.280380493684317,2.6766307658645876,3.332843076867519,4.035063395390744,3.3641798797468474,3.874079462880874,3.7478707454985574,4.175950859530977,4.149535738341038,4.383855627473591
2022-08-31,1.573844246276432,2.2472634386724466,2.6628058944557886,3.303538152957679,4.055280219452901,3.3803412729205684,3.8840902182746677,3.735503674920157,4.188466510506225,4.157003057760463,4.427981292195902
2022-09-01,1.5789803019227706,2.231033711305955,2.697639104876733,3.2893168246158853,4.041079689852983,3.3965133664727496,3.8741549580603443,3.7506099683587872,4.249037730677108,4.151552025135012,4.463643548429135
2022-09-02,1.5828529645988965,2.2244221852844506,2.7095364689930443,3.3049035407530662,4.013033592650532,3.431444617196597,3.8776377841569882,3.7217984642514734,4.263537301154674,4.147819134756421,4.438741078713535
2022-09-05,1.5962317049604489,2.2197685920832817,2.6966133162109625,3.32080111704142,4.005809055283452,3.4200859607248386,3.8696595560472162,3.7006201119820563,4.243411064574897,4.14037670678616,4.467218489120438
2022-09-06,1.5949362952370005,2.2306265864732886,2.7382040329152657,3.329507377882359,3.988252836434492,3.4327769563554353,3.8682617121801046,3.6797806629925853,4.233380423373436,4.15822758326092,4.457673731749975
2022-09-07,1.6224785123995764,2.232652142111383,2.724561270074628,3.3424808292387485,3.985453880561614,3.4768815287056416,3.860221026756563,3.6998533197948,4.222783676825188,4.165074318082899,4.458729016836038
2022-09-08,1.6156841013373937,2.2044439805397573,2.737901903117391,3.351303120583624,4.008701368857873,3.4630274207695444,3.8554330482414323,3.717207815680178,4.185369538975164,4.167984714440223,4.455962263240677
2022-09-09,1.6686135990006445,2.2105740518913355,2.7424138690569793,3.3369996030106237,3.9980814500875965,3.4308527301503555,3.8582010296343743,3.725480034752537,4.177293849472594,4.141091794349836,4.441293404747056
2022-09-12,1.6785326162744723,2.220191437115539,2.765854365163483,3.34304372422263,3.9946306527798923,3.3906581997907272,3.8357395259612628,3.7443243023753006,4.189356101427556,4.1309258698041,4.4583761219377065
2022-09-13,1.660026958700266,2.2300247396282793,2.7957220826521394,3.357689408281303,3.9944286010301795,3.403549933922074,3.814059442975582,3.7253761402811802,4.16250895260014,4.147536746565003,4.459531346103359
2022-09-14,1.6372748619193056,2.2503061073196338,2.795027918813717,3.3714409880578367,4.0100629718545475,3.3645526829411643,3.78495434507922,3.731013795858661,4.1821443588014136,4.146956431207744,4.448666070819236
2022-09-15,1.6456184722824307,2.2656787124688735,2.7786537234650543,3.393913417545591,3.9638193472331165,3.355800463940667,3.7516430850474074,3.7272044693492594,4.190594017281362,4.158841222657788,4.4212684440014876
2022-09-16,1.6398719283458694,2.2735850258233974,2.786575878093792,3.4068022062595675,3.950408053107766,3.3632694394514018,3.726020142972953,3.7428648231969133,4.174632062611897,4.192894170434296,4.402119255497061
2022-09-19,1.6521537825815151,2.270183555948029,2.771023415052554,3.4118330147642033,3.9526355713071597,3.364974794541804,3.7272112374628406,3.738562182899674,4.169803314218944,4.211668136172276,4.367293497538824
2022-09-20,1.6604566842554838,2.2358024864602064,2.810129309185584,3.4320741687130294,3.975475299618194,3.372321841007985,3.7081936363354995,3.729701474313969,4.200607899554262,4.212369452108769,4.366376117689624
2022-09-21,1.6578673814199083,2.24326212626042,2.8117272912248006,3.43041101894561,3.964504526085632,3.3756349135415644,3.7173332010376834,3.739386920102751,4.214146131241941,4.201016944122417,4.341310081261499
2022-09-22,1.639827998247636,2.2463123711927784,2.803317351387655,3.411670017110152,3.925869963153891,3.4001087209969283,3.716923967201831,3.755806794635672,4.213218295529001,4.148842443390395,4.334895362200224
2022-09-23,1.6084568415937541,2.2506697357765213,2.8059367453447885,3.407334465671112,3.937189979913049,3.3799881812219876,3.6764796707729053,3.7413656785785716,4.2073904170296155,4.144400532780772,4.361223187112267
2022-09-26,1.5981414939922889,2.2237497156999906,2.7776091709940696,3.3910513642148583,3.9230976835764118,3.365063229892692,3.688194133897215,3.7387591165913996,4.207537549878525,4.136495234304311,4.383824130010574
2022-09-27,1.6143130791835834,2.20117219419665,2.7572204995286813,3.3765914080201953,3.898347959699429,3.3486536502921007,3.7034537161138728,3.7166339132233905,4.196345888024503,4.143346167497043,4.382222201433345
2022-09-28,1.6176681338101702,2.2213084310072904,2.7803019574315524,3.3727742143498673,3.8849342316491473,3.364330666273335,3.6826496423611585,3.6657458726175145,4.153324077654105,4.139341242701532,4.379553686654464
2022-09-29,1.5918561369416446,2.219620106635872,2.766266850557839,3.3560285946355832,3.880346503201745,3.3814414167469513,3.6901562519247735,3.668857843951504,4.193270414570514,4.13203632021851,4.4162539563486
2022-09-30,1.594452152877877,2.2323825180025336,2.744461028323409,3.349001761462011,3.8673840073301897,3.3895983205525297,3.6721586845957983,3.6801683484958057,4.195509311973711,4.095580739027574,4.425801476174983
2022-10-03,1.6013946004299062,2.232184985482595,2.754430183331407,3.310365568080387,3.82250878614566,3.412504293847781,3.673348192088217,3.6846457846349914,4.202708357233615,4.076017482402026,4.418481446934904
2022-10-04,1.5829683459302422,2.2320310024968686,2.777395160649026,3.313882336452205,3.839701004307762,3.3881943707246123,3.6473091181734763,3.6449054445042632,4.2008010964604345,4.084801397442396,4.389211978816854
2022-10-05,1.5853233280698404,2.250077158637076,2.7910547068830147,3.313186925980137,3.8644789851540233,3.4208193329763223,3.6107274691434723,3.6371689359234214,4.185379240466632,4.118400030085739,4.3963699232008375
2022-10-06,1.585797535350805,2.239066296984773,2.8102856935111755,3.2961551862708176,3.876819457892858,3.4505941383226117,3.6023811582632574,3.5921120136344444,4.1809707837597,4.115759555322869,4.412266431564539
2022-10-07,1.562277673535462,2.240328256664862,2.794489335881056,3.308679643780735,3.8534052886256314,3.464646122408796,3.5992461234790305,3.6188455799287977,4.148322432657084,4.121655320935622,4.398972945215536
2022-10-10,1.5692897024083712,2.2309390325567047,2.7659094042121626,3.32728732819921,3.8492317396126245,3.500138382250161,3.5911488112726815,3.59698076995238,4.193720444284092,4.140561165740621,4.40465328198424
2022-10-11,1.5799623907158722,2.2217061057881944,2.795393075031408,3.2945931286919663,3.8485583110881714,3.466462915876742,3.5669251978883665,3.6215458399217133,4.168487202095781,4.1238002847967525,4.396838813866076
2022-10-12,1.6011095854433726,2.215008833182817,2.7884256481185608,3.2788248029846376,3.8600203687434047,3.455460123015484,3.558413386509739,3.6399494026593917,4.1473340462828325,4.1306227355264555,4.39264433574609
2022-10-13,1.621700874576613,2.2189667567080336,2.782924235882002,3.2629572040814336,3.8729024266103087,3.440269301894387,3.563314529653896,3.6214528437012126,4.138044110287647,4.115328181492355,4.342403142687386
2022-10-14,1.5936917110667415,2.2089360081240343,2.8090323425682535,3.243703365908527,3.8577631744840093,3.4542431122188044,3.561960892900716,3.598341368525128,4.163349848633965,4.132168894111445,4.337511738462333
2022-10-17,1.575401712614398,2.2345176329814636,2.8206234451022256,3.260759365093121,3.859869587958239,3.4337067997727204,3.5660774158586586,3.6058152751988133,4.164106530965177,4.13566345741644,4.357365626856454
2022-10-18,1.5853613489025575,2.2162844178810595,2.829400131487844,3.2565417732616506,3.8686741269945304,3.4485156337034564,3.5523340427935604,3.5885877253991385,4.1390427459885535,4.1412914246400545,4.344396506689108
2022-10-19,1.5953243341664236,2.2122342512434545,2.872387444631488,3.2509387426810608,3.897477839683088,3.4756136228290124,3.5754556673335056,3.590324684487925,4.163816779449323,4.1253267189373055,4.345134300299037
2022-10-20,1.6053407359952925,2.2031550781807194,2.8592325281266335,3.210576943495674,3.9112834185823306,3.4892331289334404,3.5516476487051585,3.5803835807745346,4.178152240087781,4.139182814232268,4.3297307342679465
2022-10-21,1.6821388339728587,2.2318381040322652,2.8775327988527293,3.22302877226433,3.9268080204943123,3.4946516175711424,3.5611423228113646,3.544503880649694,4.188664407396581,4.18062054082136,4.3366830359582735
2022-10-24,1.694614556425195,2.2368271118009697,2.879730973589144,3.1993015166057335,3.9295424652913726,3.4759520629916003,3.585838056909036,3.5009524325056764,4.2040370044584705,4.161520219151269,4.333410484246023
2022-10-25,1.7171796343978836,2.2573177677594196,2.884956584335486,3.200353934380137,3.9576054133645195,3.4588688088381696,3.5953099839330913,3.505339882644646,4.251778007639197,4.1545788041673966,4.31447941860146
2022-10-26,1.7361405224219646,2.2274874130528968,2.9154068056179536,3.2057823258935176,3.9656815220379262,3.48374203969832,3.5911403521460112,3.49398958047225,4.2953607582941356,4.159091806404974,4.3410113007089794
2022-10-27,1.7490760769790665,2.232736147901268,2.925471250274732,3.2329032273412768,3.9483674933654407,3.4992367493074124,3.580482140743738,3.4828355136649534,4.281534180965056,4.1747276601758765,4.35949767051061
2022-10-28,1.7427050796214758,2.250463151348953,2.9361715593909405,3.2066612068941103,3.9763692803031607,3.498390746455078,3.6011382812998796,3.4966871779820448,4.313946268356496,4.163471122005304,4.3473339227672625
2022-10-31,1.7595063984202832,2.2537307655234033,2.9592436405260787,3.147892898166636,3.991949280142883,3.4916544899287025,3.574300717183587,3.521777957903636,4.323231566540614,4.1084324505913905,4.358911623344559
2022-11-01,1.744088568990858,2.2750790478860368,2.9519832607965473,3.151608563923036,3.9831270745816396,3.451177007327801,3.554936906837321,3.516365738337726,4.333252157724696,4.135654915335998,4.369698538262294
2022-11-02,1.7394163187468323,2.2647974007748037,2.9352631893405414,3.1876829094440273,3.973601337124429,3.4298240808448863,3.5470498734182607,3.5096178860903033,4.299470862982604,4.150929159618455,4.382608684853292
2022-11-03,1.7297983515955018,2.293073653383767,2.9144563092653724,3.2125511403080678,3.9796221518324963,3.4681417663929324,3.571892252373753,3.519710050557833,4.296152451480093,4.116159512813973,4.348812870738643
2022-11-04,1.7315500475260424,2.339165828998966,2.8752433906206667,3.216858541756374,3.989000060880662,3.4426468681156974,3.579601818237384,3.492685552306655,4.280010192816174,4.104122350121195,4.369059214702108
2022-11-07,1.7799936078945724,2.3340594468252327,2.918517922254533,3.2091762070787935,3.995096295228346,3.448586853575179,3.5623912921022396,3.4992990024366692,4.2987217581491,4.137636387746803,4.359815624478654
2022-11-08,1.742859282400474,2.325360374754954,2.896664733297836,3.2255296373692763,4.001533447054941,3.4689467113968195,3.5563961163522784,3.5105477002308487,4.320354346514894,4.166803294473696,4.352870044167565
2022-11-09,1.7568189019925116,2.354662480081855,2.8924740766106676,3.206293129159734,4.035767010331015,3.4440826738213204,3.5443440692548993,3.5243867201837484,4.279099035279114,4.185810510711822,4.405862094997317
2022-11-10,1.724822122203349,2.3865114606311,2.88719534824752,3.216077822181489,4.057455411010343,3.448034420951573,3.5304058270448597,3.48590920376833,4.278915875633659,4.182545799667255,4.412157100246367
2022-11-11,1.715663821944045,2.376334597144519,2.893623819260186,3.226467562421306,4.061548459892128,3.4670730687582707,3.550263955272479,3.470962435428635,4.301633442786029,4.184485885099991,4.404710987793908
2022-11-14,1.740078446117604,2.3705664730368134,2.912574175745184,3.250307372805495,4.0830102837416895,3.4699586674306273,3.5254647049214207,3.4560327826063775,4.300535475773971,4.18450298123168,4.363240712573001
2022-11-15,1.741732223316874,2.365298957676964,2.93015182232974,3.305868750401078,4.0627279824885,3.5276949053613236,3.5580084988534693,3.458398698511923,4.315484925491379,4.207435953714416,4.391404172069289
2022-11-16,1.7205665924972473,2.3387992121952386,2.918879538297321,3.314106334483613,4.071075788226396,3.494712184922719,3.574962357396122,3.4684028548462424,4.322897499582881,4.190308370323474,4.364889243392077
2022-11-17,1.7066705095107928,2.320836164464299,2.915947095220337,3.3043370531682075,4.107671906419802,3.5162967467191413,3.5971895820069393,3.498747054193907,4.3301406954206785,4.1746023684245355,4.345230456520833
2022-11-18,1.7206928145445053,2.3011836991842767,2.9220290442851224,3.304255916979387,4.103741338566974,3.5132710620262313,3.5883611418214536,3.489278094641564,4.325144745914331,4.195238210216274,4.339033760594093
2022-11-21,1.7091560489203863,2.2888983148924176,2.9201257887716747,3.271944965891828,4.0898592270048155,3.5317800321331885,3.5884328944500954,3.4823972116856035,4.30388369684184,4.197421548116266,4.370432563438323
2022-11-22,1.7139932111729037,2.28871260760556,2.952780690752953,3.2585586937309245,4.0773254396938325,3.541114165628051,3.560277848620479,3.5058986425240564,4.281961084354219,4.22549888568622,4.386405353632516
2022-11-23,1.7154310710195007,2.2939233253048115,2.9631266128342384,3.2508994680171837,4.056059201995506,3.5269774647343723,3.5503110235276645,3.512356604343184,4.296674557691846,4.212595064595131,4.383775026484233
2022-11-24,1.7029435175987675,2.325477788692476,2.978368622086618,3.2409621535898747,4.040908417364335,3.5321018461149425,3.5607285740119106,3.5382540880983258,4.297608176333607,4.212043950919737,4.3904853212883905
2022-11-25,1.7463844759519174,2.306072784444343,2.992188324026609,3.244571327597192,4.034060331959177,3.4955058936536196,3.587211911814181,3.5445907247251656,4.295400008008104,4.194157767789501,4.379039683997612
2022-11-28,1.7625118018057746,2.3292081778213722,3.019106746583813,3.231571874357045,4.009397936983102,3.5110197890725443,3.568517720885629,3.5248973377583974,4.290371152569155,4.197753966825471,4.385281703196417
2022-11-29,1.722637341705844,2.3255567925700835,3.023355569391109,3.2546208793367564,4.0103386952953155,3.5176113500255766,3.5618359937791455,3.498863162296063,4.2848957672927614,4.168811419718716,4.387376829725201
2022-11-30,1.727010329568524,2.325211419944326,2.998062831999283,3.255268922202412,4.0290281403383394,3.53102845496573,3.5594539109417864,3.4684768188821766,4.3064779047498165,4.159702652866908,4.40739612920612
2022-12-01,1.714433574858316,2.339366784372818,3.0067155656194955,3.255741890364799,4.0115319913205605,3.552849796052633,3.5321971014830957,3.482376830162505,4.300431997697615,4.131636550153505,4.427398666240058
2022-12-02,1.7321558477746062,2.3175859501619374,2.9943620339640242,3.249857602254906,4.042591276013762,3.560875799077192,3.5446976925386298,3.5068223728446104,4.274284309651949,4.146188621037696,4.437951820104536
2022-12-05,1.7200706929784346,2.3289994050581013,2.9875549603015124,3.2567266759045688,4.056572377756797,3.5676028474456403,3.5339831458762605,3.547574875644821,4.292922605135235,4.1642856678053715,4.4344701289260975
2022-12-06,1.7185035983588548,2.333056083432121,3.0000098748863726,3.27395627540768,4.077911623679036,3.550709114922173,3.5308029730624786,3.5651646165010438,4.289552706067699,4.130408047405442,4.4500342090236575
2022-12-07,1.7293433404950453,2.3436451052688647,3.025515532871626,3.2573536676500425,4.065494929158574,3.537204696205773,3.5225039821808215,3.589161384608324,4.290920619934936,4.157825758872035,4.448934836256178
2022-12-08,1.747410337890631,2.350180371659205,3.026692857918531,3.2449432313807214,4.0833373272120905,3.5616912821215037,3.507469105578612,3.578312951467434,4.323824079575109,4.208525954912616,4.428048442394099
2022-12-09,1.724167731300756,2.400049696008663,3.0336328397217502,3.239632032356428,4.062261970755424,3.591181311786863,3.508091527420241,3.5559479566837977,4.324176189979339,4.210209404198584,4.420746008107121
2022-12-12,1.7214926299197146,2.3913098196594142,3.071692061950233,3.2167295372227414,4.084081844107932,3.5904340263964,3.5077942591846583,3.5769644666679263,4.333974786777492,4.2014020423298675,4.426451471118584
2022-12-13,1.7127980026160499,2.381494159478932,3.077311404459558,3.2011486589478655,4.088322909823357,3.5921583602610196,3.501161380458639,3.586122360632269,4.31120059587108,4.258692933069483,4.445460065711433
2022-12-14,1.7005447323580904,2.369844663343952,3.1301583811366815,3.192437555870488,4.1002012486165675,3.5748793871546596,3.4874054624185473,3.5890845625126024,4.307620521217575,4.233126877496948,4.442602816661807
2022-12-15,1.7366756799143097,2.359556983711344,3.142290436799909,3.210747202235339,4.077511219254667,3.5991563868106056,3.4946178185848034,3.5976538548758583,4.320632904872345,4.234350869584928,4.419240705187611
2022-12-16,1.7456052355912675,2.347639162622952,3.1079051030745313,3.2168283502731163,4.060439743866874,3.6132946447421794,3.5285200854123877,3.6049474859827617,4.290355351653258,4.238773236495305,4.4212054603112865
2022-12-19,1.7245818712452703,2.375613807985807,3.1271662502373263,3.224894463241171,4.0765786229726455,3.6563133082121584,3.5355121448098745,3.6348181379205364,4.298566568256277,4.269870503645056,4.427668895853121
2022-12-20,1.74379632440485,2.4048811071640883,3.135646632153466,3.2427696367030148,4.058468877106646,3.6396040608870477,3.556291723326581,3.66157506383536,4.3014396039276575,4.2779224973660765,4.432242862649661
2022-12-21,1.7871022401272263,2.3943289730712225,3.1623044790172443,3.2408849927171506,4.068595794730752,3.632906694688807,3.5293500766056356,3.6733222626642896,4.303128144821528,4.2688126112324305,4.451503084750871
2022-12-22,1.8086194129059157,2.378549729176804,3.17663597361031,3.2495621572833944,4.042120906169213,3.6384034807069847,3.533373172959177,3.691106187683215,4.32473919036236,4.2506567913923385,4.472749417120336
2022-12-23,1.7791044536578837,2.388850480375581,3.174739294001683,3.2483701622957932,4.059956830493595,3.652205711532549,3.512298246650804,3.7022598788027588,4.332300400730379,4.244692795058464,4.461737639743752
2022-12-26,1.7737206047540874,2.3821068520434903,3.1545541618294246,3.2579782418373147,4.039607196751754,3.6521931913351247,3.4870605806536954,3.6973373167155956,4.366162671251037,4.228855080393089,4.453715603136302
2022-12-27,1.7999445001472791,2.3956511608080597,3.151259369093163,3.2472087410945423,4.051538867914804,3.6356196419355102,3.4731588249139738,3.7133542826233183,4.347176553348616,4.230697259198243,4.433797301326652
2022-12-28,1.7866788220087573,2.4005973323989394,3.135136671182831,3.1993201091028673,4.064939197761578,3.654135503687835,3.497884522776099,3.6863520924199857,4.3507827558668355,4.220301046774886,4.448661325906114
2022-12-29,1.7964444513476794,2.3711716908749922,3.124415442962734,3.197523766635139,4.051893002168984,3.6694474517147446,3.5177740801254895,3.7083191642419013,4.353361332370633,4.19130953168509,4.4785269688488665
2022-12-30,1.812827393178904,2.4030120556642314,3.137077271813784,3.2268689901197756,4.064423794273316,3.6520122304661076,3.523524435329215,3.685318966209219,4.3328665032581695,4.217302708215225,4.473115591053326
2023-01-02,1.7986217157411475,2.443262541119947,3.174808293894617,3.249726230158412,4.073965571533792,3.6834540184820224,3.4972033561252216,3.695367963938918,4.356325335293801,4.211682189740449,4.472619911752631
2023-01-03,1.7983204493959088,2.4318960080862566,3.1835909652670744,3.2699234206262333,4.064077975185935,3.7077472334419523,3.494166983873461,3.6793541255463924,4.403708042186856,4.187208694416941,4.5028448036666076
2023-01-04,1.734382813768381,2.4250296880613904,3.160561015200224,3.295533746236211,4.044794592678264,3.711320874560762,3.5010886952253486,3.6913096163817345,4.404255631871032,4.184731222901044,4.513843671904762
2023-01-05,1.7147807333511547,2.431632668285348,3.170338740974086,3.298192570464899,4.006427751254272,3.713798504217742,3.50548509222638,3.691516784272636,4.415241726045966,4.186984326629857,4.523454058410243
2023-01-06,1.7106124954102373,2.4392049291720346,3.1951544957939455,3.303022009699957,4.014303877287212,3.725762784727006,3.4694923456437112,3.660504790196315,4.417815220649219,4.15293811720522,4.500518853377713
2023-01-09,1.6899469793085717,2.456665962163122,3.187248985245189,3.2949591193289014,3.987297969397602,3.712818870859512,3.455976136220945,3.6732089303543165,4.407833674788707,4.163861218085367,4.518383562300934
2023-01-10,1.723463072954871,2.4977379205061156,3.185436509479397,3.2895055297760267,3.9900727209540947,3.71428736801046,3.455562448505637,3.6625183823853282,4.372286336800332,4.143785934279229,4.5006687030584045
2023-01-11,1.6957230371777818,2.495061767738358,3.1865930651561043,3.3026837445535726,3.9856665484145726,3.6721024889004,3.467151058478104,3.681004108583719,4.3590336589205485,4.178869302245168,4.478851091121829
2023-01-12,1.6877793616623264,2.4799530370660734,3.171752313112944,3.327618647515434,4.000106618141821,3.690488816028943,3.4240857162745897,3.681887836576892,4.332051705519999,4.190205726705186,4.4727728738049795
2023-01-13,1.6912453097375497,2.4532177890352846,3.1855690583193232,3.3256808585313156,3.994916844681526,3.6601100881096076,3.4216943732944944,3.690647392814154,4.366984883610683,4.183058863432501,4.4619081558655065
2023-01-16,1.7242438751878126,2.442772287905387,3.187323195016108,3.320850172903228,3.9925009886235245,3.694351584347128,3.428728448361014,3.675669113382791,4.368855789401159,4.172328607695096,4.461649261646747
2023-01-17,1.6963484949148213,2.4429316111985084,3.1965357066448457,3.321682594830957,4.007960265459888,3.6885710452183966,3.4465425508819356,3.66470433150484,4.362759265570812,4.1710511162944215,4.433651491706845
2023-01-18,1.7204250843514353,2.4796360828623785,3.1795991774823187,3.334520044203054,4.015474740435085,3.6851510199732878,3.4612130169601985,3.6563448731763333,4.381355656460083,4.184120245519601,4.453641132229714
2023-01-19,1.7214340244913815,2.47008813580121,3.171654290395405,3.306447226799938,4.022602138498295,3.6734006207711523,3.4736687222559293,3.6742832017007387,4.35972491332252,4.184414641867451,4.476999137039597
2023-01-20,1.7025986104765443,2.4753586538401096,3.1868966765580824,3.261318366743315,4.032782249300587,3.668434602298832,3.4584646711280125,3.7086255024629704,4.34518239156855,4.180866224730836,4.438847046562902
2023-01-23,1.7158241658427056,2.4790136817995503,3.1834234993971426,3.2542911156343792,4.006054292717341,3.700788715082689,3.4242881142664423,3.6965055533090103,4.350527322834419,4.186017116428091,4.46239968855713
2023-01-24,1.7205572532663587,2.5035334407806955,3.2187146699339944,3.2306287606282797,4.021941959829264,3.6517844354641715,3.417178952637398,3.7187944097143464,4.371854596175073,4.174691831315536,4.44694100947288
2023-01-25,1.7092929122797638,2.554812085854749,3.2114619427782833,3.2212059532319146,4.034931332266117,3.678063739742516,3.437951585698151,3.676140857916414,4.38262829363503,4.168567709335257,4.464820516769118
2023-01-26,1.7114165881893229,2.544922344606101,3.2166832715030793,3.2189779810653234,4.015325303904346,3.6855518435743084,3.466548310458397,3.652984704104326,4.388322430695105,4.1275794947669135,4.464179221125548
2023-01-27,1.7044251263870323,2.5358483658906814,3.236049898275486,3.210627823019808,4.011158504565807,3.662126220752109,3.4814741026392975,3.634523945115536,4.390599595534771,4.147768829518906,4.465469542542112
2023-01-30,1.7104195293499609,2.560455639489967,3.2114066396747294,3.2434012297671266,4.014096414871157,3.644344028949028,3.493784975153236,3.6111978273846237,4.402328368703209,4.157468841183245,4.465491645611591
2023-01-31,1.7243211174255413,2.574752443867652,3.1768494380202728,3.250595099644332,4.012065453768282,3.6785308640783514,3.5020367427061143,3.5801850341740318,4.4070204013909535,4.142658698887735,4.49039320428142
2023-02-01,1.7566853553157395,2.6123304919496646,3.1469802132961626,3.2572484884038406,4.019386554666944,3.660264628046788,3.491558269338191,3.58908891398408,4.387064857462707,4.181277300082132,4.466245345598211
2023-02-02,1.7325574369724244,2.6246374472894054,3.172860286997928,3.2703210229179303,4.04864228193679,3.6378260094680908,3.48958545510034,3.5854359516627445,4.3886148335285915,4.183646021323201,4.479030544006133
2023-02-03,1.7758305538444286,2.6180640548525433,3.162435573458958,3.2481568099411935,4.070890065869126,3.661184749694264,3.523579294995745,3.593636508993726,4.367753509729116,4.163535599262576,4.501669596682804
2023-02-06,1.7401873704492399,2.6332757240616504,3.216998131767584,3.27233761828486,4.048044254595759,3.6713543798152437,3.5081267074751694,3.6108445353114167,4.3727737331823935,4.184068920287247,4.5193949708888725
2023-02-07,1.7376961220799114,2.6559942492046913,3.2062576333258193,3.271366786085534,4.061030107933262,3.6531403218158984,3.540966736820749,3.61670132870625,4.363705227884011,4.192574338148815,4.566433402706724
2023-02-08,1.749988889258124,2.67293031587716,3.2104750824382813,3.2853028214788793,4.088135197372492,3.6579992443725122,3.5350525967794293,3.630383015277779,4.415019283388189,4.20099236090702,4.556380890500751
2023-02-09,1.7561167170737022,2.683583786960184,3.2418252719505167,3.2643736672789543,4.0963793582471535,3.637992181160584,3.5620692294222085,3.6295003600138123,4.414729386174033,4.192985239274866,4.5760349774135
2023-02-10,1.7441518879077176,2.705406441982394,3.2824362909441263,3.23378765318906,4.118688127981301,3.6604977703594637,3.5344220904626846,3.6062496534781237,4.387133756079229,4.202484314980855,4.574402325937098
2023-02-13,1.7430011987353875,2.731804109626123,3.32667811831167,3.253157202184376,4.161945292730131,3.684736945491742,3.549151930320794,3.630417692929355,4.387461907700505,4.200260905011247,4.602082203298966
2023-02-14,1.7335511712409557,2.759857280645618,3.351255434122277,3.261095383905071,4.182829474851015,3.695787060666925,3.5348265188005863,3.6190454414724775,4.398259073812008,4.211789725242911,4.602338414583285
2023-02-15,1.7221531408410313,2.773220743136371,3.372125949377466,3.2434436175568804,4.18820491150281,3.703409546630825,3.506910439701062,3.600722780236189,4.432115617474018,4.174080100901657,4.594970163684995
2023-02-16,1.7395133595988121,2.7702465583473943,3.3843446651788502,3.226418532748747,4.209474857801865,3.7390014859455336,3.511649297366641,3.5975325995374616,4.420694746292605,4.165770808459433,4.6214597845797885
2023-02-17,1.7470004030008672,2.773527565758815,3.400258620384937,3.249273962119797,4.212719348146557,3.739341946176052,3.532185466821315,3.5796231148342854,4.389392920494886,4.200560644098351,4.611975279482164
2023-02-20,1.7357114267035962,2.800226960696924,3.3918041216663086,3.2280549398703924,4.215766624620199,3.7182736792755784,3.517855853657387,3.5738437228024384,4.408298876331448,4.1877885105982875,4.586289979912094
2023-02-21,1.7539609618468919,2.78414578491181,3.3756976816324933,3.261165936570142,4.208995877540554,3.7275206951668545,3.4881330720828494,3.5809823388683384,4.380944439848085,4.175969282283054,4.576210579883249
2023-02-22,1.7603413680489712,2.791753666873815,3.3758646082688215,3.243387937661732,4.240498560501744,3.7694760519421444,3.4865305925806975,3.588183589437808,4.3724557468024825,4.167244471298601,4.5888256545995665
2023-02-23,1.776809588783487,2.7840978689850044,3.372671894176059,3.256366754531636,4.22434096554064,3.7493918404361635,3.4849928643628907,3.5704379664670323,4.367514315449999,4.143159326938566,4.616877407989045
2023-02-24,1.7895893979211748,2.7848599977429167,3.3637945654887296,3.249981617315872,4.2551755523334185,3.7423498174014997,3.4961464892131957,3.5608710913072725,4.3663088786832125,4.0991809437132165,4.6192872277941905
2023-02-27,1.7750868675813918,2.8125064048737207,3.379799684316522,3.2641227358161773,4.267250204686884,3.7527561080421874,3.517215750519144,3.5844351212813357,4.382169537703358,4.096646585621402,4.647728539017529
2023-02-28,1.7639725505827042,2.816417690039371,3.3989950922931844,3.2533297595791453,4.239353384996097,3.7517673148673243,3.516116750698946,3.5944524274412664,4.368586155862881,4.099453077908287,4.6206543443932295
2023-03-01,1.8789825445759438,2.9174105428932684,3.5008273519097957,3.350138023348474,4.3467704927467,3.832185365150552,3.6532909388856063,3.7360178501190124,4.463175692710321,4.198467098428288,4.711853196987645
2023-03-02,1.8912286247459393,2.8902520949349957,3.530416628392227,3.3509950817177145,4.304808637454993,3.8546611971364877,3.657814308637638,3.7596590884551686,4.462928960512659,4.195608202050657,4.70612036950589
2023-03-03,1.890823563124068,2.9051901365129518,3.5075958163669685,3.330964302859497,4.3173317680490255,3.9010749818342445,3.650898748774912,3.7825579200837796,4.465933889920446,4.196481989725076,4.70384215121385
2023-03-06,1.8947134624569903,2.91964317180252,3.505265978848121,3.3473241414346457,4.336579749375552,3.9065409626814693,3.620210753259602,3.7563439007414097,4.4694337850813515,4.218482170822838,4.7070673906456015
2023-03-07,1.920174489903745,2.9628159957996156,3.490837261967051,3.3369675996362003,4.324640359793497,3.8883673264177356,3.614865292384265,3.7715288373050644,4.478061630116789,4.214580976635239,4.720793339324431
2023-03-08,1.908223914881245,2.956541283854772,3.4533873823798062,3.3322764540836167,4.326992166466825,3.8572689686708825,3.6080184062302583,3.770347554025343,4.4948192730638405,4.202980177847711,4.711778055315238
2023-03-09,1.9190196276737226,2.9607780555771277,3.451587533832029,3.3122432317605233,4.365929080310908,3.8622822534643833,3.6270782673249653,3.7591816831236553,4.502525720545937,4.197211433319026,4.714412394223378
2023-03-10,1.9148022494272479,2.9655922040535465,3.4489790584665667,3.2608230333868207,4.355640621027873,3.884186275132912,3.6361544146085047,3.7623684647365083,4.511423905818324,4.208624843316365,4.7133364112191
2023-03-13,1.9114235309634449,2.998116175249557,3.4802229589321505,3.257977383735558,4.335437374887482,3.8946645356635603,3.613541937776594,3.7822476010294794,4.480754348084136,4.237840286487971,4.695793518742018
2023-03-14,1.9331145161059369,2.995925712704566,3.492554640725994,3.305945140270565,4.364786091039482,3.8943319069479316,3.6167024736075626,3.7919796809523114,4.481474350170197,4.224992859807335,4.6932356330631375
2023-03-15,1.9493101093313192,3.001193409465595,3.471758170485032,3.321324492274147,4.40372510109572,3.8822337401577673,3.6298203632877653,3.774097471171092,4.490751767375852,4.226658801793535,4.690049708710817
2023-03-16,1.9652392329953186,3.013010270603912,3.5084989527557022,3.3205982156234453,4.403457945476663,3.860049398447392,3.660039921419509,3.7886055803869314,4.504989522211247,4.23308488157624,4.686407028354742
2023-03-17,1.9909792597326073,3.0163729036612414,3.5325500772604115,3.3149708496334824,4.423317656779032,3.8763748755680925,3.677420451361992,3.775484280139614,4.4907729573207735,4.212863772035867,4.686672668080574
2023-03-20,1.9917796121662894,3.0078245069712577,3.544572306930811,3.3158004430907506,4.450527450690677,3.8950305835968306,3.6930176600492484,3.7801982181199265,4.477972447424028,4.213652390981151,4.688566414493868
2023-03-21,2.004933919684731,3.0112215549217662,3.5395578730463564,3.326258073486797,4.435193014132452,3.8636312359555585,3.6937346280340946,3.7736464648629267,4.466005682010898,4.183854161926852,4.679435759004265
2023-03-22,1.9982147544168567,3.0321803597829566,3.5198552581758817,3.302127987044615,4.4249730672890895,3.894914185383167,3.7009870380065584,3.7687553096922093,4.47622012987272,4.147959325716059,4.704376223547685
2023-03-23,2.004155079246762,3.0111070515748715,3.5118681204345967,3.3238714187181286,4.44904755533232,3.9058526075811835,3.725434133800818,3.7835371669731557,4.49635474875134,4.154751251654041,4.680443608743761
2023-03-24,2.0009799586446917,3.0131941855430924,3.533070833313964,3.3376067855122367,4.482175581391774,3.9332722409693823,3.6982063263365084,3.7621610330621214,4.487633287090792,4.146501497312709,4.665451947059646
2023-03-27,2.0026879632664754,2.998959854566239,3.570530644754586,3.351738585348325,4.49320128391719,3.90619777132161,3.6909856251140987,3.8008330198695894,4.505560618685262,4.150315190787063,4.720819304866047
2023-03-28,2.013901136687258,3.0221708200567803,3.6007055482320744,3.359818133036564,4.4749150297591935,3.878191321125345,3.674844283051018,3.7637213313957436,4.507340247780599,4.14926732415894,4.699369510678307
2023-03-29,1.9968172030432765,2.990987561981792,3.590209039817036,3.3594909462111313,4.51393673201387,3.874492414950687,3.6817078254462285,3.751048457751334,4.504135012258038,4.129019803206352,4.6715748972048
2023-03-30,2.037915842781344,2.9790600192607193,3.567067585375615,3.372199065154827,4.502568208281989,3.88379899771295,3.7055631631836037,3.7577035897745286,4.499158221886037,4.127365611391424,4.685515326329182
2023-03-31,2.017016779441318,2.985825541051977,3.5691065946038063,3.383256632119622,4.495086736948528,3.9189474984614567,3.6928449617391492,3.7686111573932015,4.513311733468048,4.101924869581095,4.643194213543673
2023-04-03,1.891880220272257,2.916283234723357,3.432885020379243,3.2753230309874946,4.401080706725014,3.8322162898244527,3.5441860874764544,3.6657488560684612,4.418970502890484,4.028891529827816,4.537635948430918
2023-04-04,1.9141452164479729,2.914071008207612,3.4384511533686526,3.262953774235271,4.431266693845024,3.826465442993926,3.5350444512816788,3.663703820714144,4.463589790149151,4.000874901636331,4.579655225638162
2023-04-05,1.929051650071214,2.9020401974177306,3.434572281386662,3.2640640798844935,4.447419393120051,3.8050112385845916,3.55238710566601,3.67098800216468,4.445618477033186,3.9960323759609424,4.5478296869390755
2023-04-06,1.940577655717082,2.938706948111367,3.424295160654122,3.2940880922192215,4.454760312432114,3.828654859343799,3.5621833130298315,3.66541022192035,4.45502412037861,3.974230553504822,4.507234006529126
2023-04-07,1.9521586420529669,2.908760746253642,3.3914151754593855,3.2683200268567436,4.463040159185076,3.8083748269793842,3.5697611141366434,3.6922879232296486,4.44345417633298,3.9846530531226385,4.476264458640573
2023-04-10,1.9504403697251398,2.8633112902503512,3.400213840719891,3.237496184670806,4.462437115687056,3.839470861203942,3.562687911228265,3.7076015686433914,4.4245950997223185,3.976551088826118,4.4927583131366235
2023-04-11,1.931391773484519,2.8710080704405136,3.3884563151157487,3.239687892684632,4.472496397166522,3.8326796594009074,3.5360037876929646,3.7239545468526,4.423274248170714,3.9650742456227897,4.514150338725435
2023-04-12,1.9317751400659557,2.8598342613710237,3.3639252538191053,3.2395729221393146,4.420772471030198,3.863358576270827,3.5451769495430163,3.703498687802754,4.424888573176417,3.981005551941383,4.502765838203427
2023-04-13,1.9170700550182111,2.838247754210907,3.3053181587359695,3.24187790460922,4.4136784710313,3.8757753512545094,3.5273294625248215,3.7007490684971374,4.482090193460117,3.980432312957433,4.515268235465946
2023-04-14,1.9353815708012008,2.8512240042715287,3.3035769817495915,3.245566089682025,4.41731403084427,3.871844562580295,3.569820518307065,3.6935488706373576,4.4772163982610875,3.9895743229907854,4.54188246313082
2023-04-17,1.9303558581802829,2.8540154535560776,3.3369374486921117,3.239017479598454,4.392209184181005,3.8593720701528973,3.5791460974832807,3.671352278132694,4.45252825868052,3.967863239269562,4.575544826428542
2023-04-18,1.912540076302694,2.8414280429996044,3.3688567950413306,3.267508910428757,4.398629812595498,3.8512480746642375,3.566227293490463,3.6772497238698705,4.456682635088669,3.938461062449273,4.569312282863207
2023-04-19,1.9047781126498962,2.814487708206449,3.358380623089867,3.234156584039489,4.393206141356037,3.8584801616920044,3.5526653417229515,3.6651625618945354,4.413855587518002,3.939270974870338,4.5219486016900685
2023-04-20,1.911674235289528,2.830574348326171,3.344973875436751,3.216224137098003,4.426953148876467,3.858660785170478,3.5494439511447995,3.6769081320456602,4.410653945420036,3.931531541314563,4.504168516795994
2023-04-21,1.8990091357872203,2.842187763439116,3.352958752112023,3.212768433448794,4.457022934934535,3.845393948562876,3.5432633042581365,3.654113692341545,4.409583842619711,3.9426696263174126,4.494241824451061
2023-04-24,1.8798871209721058,2.837526639259742,3.330313436424471,3.177227050321924,4.445029216648386,3.839403713452737,3.5629223728649495,3.6858168976945955,4.422798243374831,3.9383938503603764,4.486385441615708
2023-04-25,1.8832595908045209,2.8729581047832724,3.3348480000234377,3.17220868783586,4.440511188019629,3.8394739796496973,3.565149421862407,3.666388970125331,4.440769413965963,3.940994082747646,4.481126979198111
2023-04-26,1.8866304578461244,2.850027945076178,3.3486411412105603,3.2039096267698493,4.43750377232689,3.79537083338083,3.5489883227036656,3.6692465524887687,4.4291695572072385,3.90699796776825,4.501976406776152
2023-04-27,1.8749361467776953,2.8179619940966774,3.37162435812724,3.2027719089747624,4.426915135242692,3.8029787481155974,3.5852416888457754,3.6835282911355245,4.424601829353634,3.943211258999529,4.525909527748897
2023-04-28,1.8639331647222985,2.802541616756022,3.3680390606546107,3.2058037111461055,4.429233418980224,3.7818021076782307,3.5846456395331496,3.6705332665884915,4.40769719679839,3.9383442033558573,4.520893838727371
2023-05-01,1.865330301482839,2.7983860344422995,3.360721723664459,3.1773565538560415,4.410823915615859,3.7554915976275036,3.596778571065915,3.6843387774705385,4.381892083715623,3.949052080776029,4.539619674261796
2023-05-02,1.8346816308028986,2.8015658395787595,3.341475088079334,3.1633423418452584,4.386524625067116,3.7200577268352957,3.582927057067026,3.6580681216645354,4.386402995453242,3.9306432635216426,4.545085917744423
2023-05-03,1.8048197947013058,2.795028557807571,3.323224920384475,3.1541258536247176,4.397266288931059,3.682467316263876,3.5884768090078545,3.6853979150341254,4.359218723867248,3.9350909009519284,4.544663476587613
2023-05-04,1.7887130342525277,2.8003317897141278,3.316957466522715,3.146033675665864,4.408119004591766,3.6536204901779006,3.592961132806989,3.683943024309711,4.349188309832082,3.907296129657704,4.561056483706083
2023-05-05,1.7826811686407948,2.773538078652823,3.322541854081543,3.1699036289884432,4.390269766821071,3.6376771484477954,3.5534052243875704,3.670251873572838,4.327521908056601,3.9145745638454006,4.560738602093346
2023-05-08,1.7851242018589324,2.798638252640466,3.3370384285123853,3.1772823321091233,4.4044017573425,3.672967213104504,3.5899356085029606,3.6604931200304662,4.3347404536885845,3.9036799640638624,4.598119707541479
2023-05-09,1.8127710531600376,2.7951349560347287,3.3191145764608927,3.1531928999324967,4.389909929721307,3.660589346548714,3.6138882246835253,3.6748112323804354,4.368908782636027,3.902403501104687,4.567491211167701
2023-05-10,1.8280403799696345,2.8155970070120473,3.3470844821856396,3.156239129846693,4.393089368827623,3.6622604830196313,3.604060452706162,3.6612382608889833,4.340993157325518,3.9144791160528465,4.555303927531417
2023-05-11,1.8229344632151456,2.820544367784381,3.3397548640095676,3.1642964186614084,4.407589102924652,3.6683629645945373,3.5801079117418246,3.644343960945307,4.302025641512346,3.8879211636732194,4.5508664034371185
2023-05-12,1.8206240314153888,2.8277493245257546,3.3373974104808966,3.1851692917901313,4.404986743988875,3.669054160677151,3.585129036376193,3.637983121351929,4.297597796163641,3.8723012214192605,4.557725349604574
2023-05-15,1.796309773468174,2.8348809994759394,3.318189506243481,3.21251643486704,4.409817891577239,3.663241620808173,3.582599319710022,3.6101802084420704,4.293648081428339,3.8771840363865375,4.578820888692177
2023-05-16,1.7939208819232204,2.8418165418511796,3.2676860722129164,3.1901959222053766,4.397470669874382,3.6373171167110825,3.587694069856181,3.6445724577758014,4.296002638738378,3.917129837052367,4.576314288522349
2023-05-17,1.7861078140038862,2.8526311019075994,3.283327084999206,3.1719388768402386,4.391501443064889,3.664295772535735,3.589485722639131,3.6312046708105754,4.2850363332927595,3.9123282952182055,4.545829800391293
2023-05-18,1.7905013821045748,2.8771533494041748,3.2960031598349815,3.144726516555873,4.3853234513412085,3.69837890230242,3.597549739319177,3.645776203428111,4.278962744210179,3.922090214470611,4.560619275214321
2023-05-19,1.7718754167084791,2.879002426273155,3.288295262167568,3.137964772848684,4.368310537885354,3.6626443818949164,3.6244145067819633,3.647884258576016,4.2842316058959415,3.917869438548392,4.573637104012111
2023-05-22,1.7775599125852042,2.8884800670168267,3.284932642103967,3.142589505929512,4.3600726202149405,3.6374613756690906,3.631074136476438,3.623491143158279,4.300337789340738,3.9520119160354192,4.530097496416423
2023-05-23,1.8060549361971294,2.8845255984829556,3.2930916718099223,3.1601764416131677,4.326940499589539,3.6297054141734244,3.6079212718501124,3.621212294325898,4.2590770592862475,3.914907728047989,4.5278616590948815
2023-05-24,1.8017013469806886,2.9111495565446415,3.2596623684248875,3.156479034893014,4.314939038399393,3.6082362720279164,3.632994142657058,3.634713963664809,4.249519884258314,3.914621762694071,4.4938804362339715
2023-05-25,1.8075389629647738,2.8954250920455626,3.2468846964200684,3.1478854659700235,4.307044910074106,3.61615896463914,3.6636098154689303,3.6287521185051896,4.251599441679242,3.8799142635649364,4.478390795826037
2023-05-26,1.819127396921698,2.929229454826481,3.2605555441352068,3.1487061799377,4.299706869146901,3.5993790747137098,3.724436504281874,3.650399931544912,4.231025473709729,3.827568386276904,4.458120171409483
2023-05-29,1.806017941324746,2.9233412496543583,3.2303847095125864,3.1269182757458642,4.28979187407025,3.6375951499106067,3.6968815774578463,3.6657451932413143,4.2605638201858405,3.8284325811800253,4.469220419215087
2023-05-30,1.8082181871390293,2.892444143790072,3.2339742643339937,3.1664274463578344,4.286274986251121,3.6591245179755534,3.6994576138989266,3.6818418865125553,4.245574018759339,3.82894093328105,4.469275418876606
2023-05-31,1.8061727046560039,2.8927089015896272,3.204545297742865,3.1319768953168126,4.293566486114182,3.6610786680895364,3.655518309336486,3.6703514205684344,4.242450834520533,3.820946864027544,4.441266268362824
2023-06-01,1.8058136040859196,2.8767752458990685,3.2115612748504745,3.1333590843536663,4.308744205055772,3.67930577081487,3.6642686699230094,3.6464419490717437,4.251258653916318,3.8165103596856884,4.456554965080911
2023-06-02,1.7880259329910486,2.8912606414610815,3.208520969786763,3.171503733320497,4.2934214251010445,3.6990963038842546,3.650977188541912,3.631842721546726,4.2371054827225185,3.8761488729493516,4.42555137318458
2023-06-05,1.7831101794163546,2.8728022048151614,3.1708123764087808,3.166233773151825,4.26395145093339,3.6824113970632175,3.684040147378539,3.6303615833001883,4.194768064706557,3.865579413128851,4.426747691934126
2023-06-06,1.7906877360191165,2.861496126928718,3.1917247542757763,3.1600505832296473,4.24072815346638,3.663704642950231,3.66616543875602,3.6388949083486875,4.183812564946079,3.8733994911317047,4.408085069326147
2023-06-07,1.8173156052755708,2.821310309410361,3.174637919840369,3.1505066718739925,4.228589092143035,3.662872501310177,3.629986775097228,3.5930684773540325,4.202006373165174,3.8580171918399806,4.398376524776091
2023-06-08,1.8340938887973064,2.8098570500254105,3.1560257381001127,3.1444917052387753,4.219143532786736,3.6776980908001673,3.6181543672832093,3.5904990803218286,4.192861337629502,3.861514710340824,4.406054806736891
2023-06-09,1.8747387420182342,2.758960667563528,3.1576183261154283,3.1695298788030026,4.201324815533484,3.6780605028439326,3.576225815929563,3.591242068898989,4.17351385567102,3.8543312409104082,4.414064998788777
2023-06-12,1.8537312776784767,2.7216220980118173,3.174930560022006,3.119632127494416,4.169741969166489,3.6408600601181162,3.5855872919377125,3.5800306706906815,4.186366786779077,3.8404603581738175,4.4351438671779
2023-06-13,1.8687169814999667,2.7343696822217796,3.1521534147295145,3.147840092607419,4.158158843704082,3.6223428623261755,3.5418249220996625,3.603395438558075,4.177290579945693,3.874377619904901,4.431038084271548
2023-06-14,1.8699138346644468,2.74761569844451,3.1509170247761875,3.1168909626081294,4.159317389156074,3.6183934181040014,3.539924086773039,3.6093610530928064,4.164617376722402,3.8954513322183004,4.434697114580528
2023-06-15,1.9112311141373195,2.7536460704887284,3.157014575591318,3.1090791368319604,4.168739199281306,3.614401326826004,3.495889071184435,3.6330861120629434,4.165127719324188,3.8957074859748038,4.423463588940961
2023-06-16,1.8925780653990427,2.7318194645949703,3.168389604705407,3.0980071653948134,4.155103655187965,3.6513650873306265,3.486996032062528,3.626279818624765,4.178055640485389,3.847136164224751,4.424616303562242
2023-06-19,1.869938606042553,2.7250202149592564,3.166073413298077,3.103933208277353,4.140998676232222,3.617800305969772,3.5140185726657442,3.639184345962029,4.219844888607166,3.8340709572468255,4.427561002009538
2023-06-20,1.8554353857849974,2.7224327968287696,3.1562174891677355,3.069455353891003,4.1199493427066,3.625396723457814,3.518716163145785,3.669370306503904,4.233874243411639,3.8856161411862518,4.423079437711776
2023-06-21,1.8104362761079467,2.6967443078540643,3.137144489563907,3.0761776120217874,4.1167993641082505,3.6526577904335253,3.4989250958556317,3.693082980298503,4.254549847548552,3.878481712662603,4.384483232839072
2023-06-22,1.7973946536115737,2.7242857518266494,3.136340845162076,3.1141372824247666,4.097304269361676,3.6955602632792237,3.495774504014092,3.6687136263671705,4.241904001506036,3.8980195420409185,4.388586128702931
2023-06-23,1.7796806539945826,2.7393016512522457,3.112366718536447,3.0843424559469934,4.106235479240583,3.6849409684296273,3.4936034950690638,3.6611087584304056,4.21885529300073,3.9243270436940536,4.393346011864123
2023-06-26,1.7767317202297859,2.7289255582813317,3.047982899372234,3.0821797698048803,4.06456133990758,3.6888127479897106,3.4970992924916113,3.6482486548270887,4.214145110498792,3.9227495125168526,4.373785732842843
2023-06-27,1.7810212479029024,2.7269176832187956,3.054168503612961,3.0663945344065215,4.054823154616104,3.697662363291257,3.467216533383568,3.6554881536861887,4.213742916961556,3.9033674880370612,4.345552400278966
2023-06-28,1.8159967797163998,2.728537454406926,3.0696993154638643,3.0723643935595617,4.058297416429118,3.699024112951502,3.4765199938896942,3.666667339815659,4.189624777163444,3.8521133564305843,4.3725220983182265
2023-06-29,1.8324555872599415,2.6851530878182617,3.0198909975328485,3.070197679887698,4.059424437535389,3.694497539706537,3.4198824920374595,3.647339817114965,4.183569217345185,3.8632469513825836,4.379801339315934
2023-06-30,1.8183665700849003,2.677658596106056,2.9971454393768564,3.0548169976450184,4.110734166753206,3.700666103434745,3.40473385692839,3.6461456433315105,4.189004625317774,3.84440088726432,4.372668774635707
2023-07-03,1.7944040238284535,2.6580246583166205,3.0035342717674807,3.0585801905129606,4.1117359144150845,3.6440269289008715,3.3889741272498797,3.5997528438589086,4.190218240388656,3.8419296434725947,4.343933864143278
2023-07-04,1.8016914631967909,2.63544131405693,3.042133237099922,3.0921162086469027,4.089103878416452,3.6551173746403314,3.399089719709512,3.6260407999131536,4.197753053394549,3.8143822926190136,4.324946623513058
2023-07-05,1.7727371298361985,2.6272696389790307,3.0399994420332503,3.085748463592177,4.084644924254491,3.6550912634933908,3.3969926675428694,3.61324364587944,4.201022678777118,3.80652787258943,4.348448762228603
2023-07-06,1.8068184201824655,2.660675484545201,3.022891498237848,3.0975957374643204,4.046572112614341,3.6480938805870053,3.3663335214949237,3.6118130397055097,4.188334620620897,3.8046543687166317,4.348654116075144
2023-07-07,1.8278616307544644,2.670946749928114,3.0166879775733237,3.06918468646447,4.042414525785979,3.6864855326589696,3.3440880671361564,3.6030744535833215,4.175511016245493,3.8074806484950905,4.335096782892703
2023-07-10,1.8125213082180498,2.653566360638138,3.0382286964619674,3.0440991494337895,4.019796595151644,3.6670300427888383,3.3421048578327843,3.6200381955892693,4.145575178791296,3.779227395253722,4.339333758022875
2023-07-11,1.7757272712503145,2.6624866698793443,3.0227780664935593,3.05101592860548,4.03557305427693,3.6564371766216204,3.3379921646095756,3.5607567203754047,4.17873933318908,3.800634267843031,4.320514447888032
2023-07-12,1.8002781966708652,2.6879472565483065,3.0042677042977965,3.0781717271134412,4.022055726722261,3.6937417206029575,3.323883160354103,3.5578979914661284,4.176481818418708,3.7861698500856336,4.348004786430882
2023-07-13,1.7954662045749585,2.7039187350157072,2.992091638663301,3.0827627988983,4.017199213215502,3.6745792993151056,3.311745289373009,3.5532604211253203,4.1694635621119565,3.7501592656857143,4.3725396019379605
2023-07-14,1.8177071634657525,2.702595975065435,2.9705096991494515,3.0739862709391614,4.001972689038738,3.661061626307699,3.323153281967519,3.541672326024811,4.148372353134231,3.7454634299377703,4.36069275316523
2023-07-17,1.7799735877769909,2.683812216998449,2.967118082956473,3.068127076534754,4.030904693562931,3.6522760953262083,3.3069544079972606,3.5703518344246494,4.2012404886679136,3.7403059136054244,4.342274325711739
2023-07-18,1.7654990042867413,2.6952896002395472,2.9971245690946904,3.040631838824186,4.021992755209399,3.6666037019376247,3.302705500085505,3.5501181622163602,4.177286844992281,3.7410306192376863,4.28742457870672
2023-07-19,1.7631250990896243,2.7006805287565014,3.0011073753655304,3.0502433661598127,4.056165116887502,3.668280972893211,3.3436254526556355,3.563075306569593,4.166231107288679,3.7657944881199077,4.255314184084211
2023-07-20,1.7615947240146324,2.7161144062067697,2.993590318372718,3.0654200404559946,4.069978165179581,3.6399584789998793,3.3126818129676705,3.567730375393428,4.172077857064114,3.758595524434903,4.226054801634769
2023-07-21,1.750132705672124,2.726357133327485,2.9852933840814835,3.0539175248864088,4.077158790813365,3.6268543988244115,3.2731842494232533,3.5905000515312144,4.181621407466076,3.7537424230346046,4.226297899541594
2023-07-24,1.7569291912370777,2.7416876745518755,2.948369054825554,3.0388561688492226,4.078872940677719,3.6090467970781708,3.2831955296372293,3.571495756753668,4.195119535488393,3.7260182223279457,4.2141127123707705
2023-07-25,1.7331579867201223,2.7285641743913605,2.9636124544391933,3.0417549375129598,4.08433009071274,3.6050835802444063,3.2672038724820434,3.554417582841889,4.228852909714474,3.7400104964564003,4.184787206693162
2023-07-26,1.7279032640197278,2.7525049227040785,2.959648577498969,3.0306134097921795,4.04336950612586,3.6111933204170343,3.2584319889272226,3.5739318479914686,4.23656892982372,3.741289544737994,4.176756792843902
2023-07-27,1.7279141737545192,2.75406191189848,2.95364397632771,3.0268957546002166,4.0353968353433975,3.6171624326353475,3.2404138584651534,3.580043271258624,4.21305331092494,3.730493987292665,4.1844685328974025
2023-07-28,1.735820541213547,2.793184720128838,3.0151237184624597,3.0665077811613997,4.049917585544937,3.579259788332232,3.2328354464276563,3.5467621151029416,4.205531999200358,3.690018084201207,4.192642910673567
2023-07-31,1.7446468817154521,2.7739950067071746,3.0156928195699013,3.0561613100866074,4.043533684815582,3.595132651023577,3.2594002516097107,3.530570057753804,4.206282689590763,3.713500371042437,4.149243547996518
2023-08-01,1.7198265644609327,2.8063868073527174,2.9983295231502356,3.046667031628421,4.013102412461749,3.5978565525257475,3.273115345364311,3.535970235413003,4.245319735003117,3.6866192963355537,4.144350802969078
2023-08-02,1.68683165850516,2.8080324004809096,2.9874897486850642,3.031403572974657,4.009741700909139,3.6232345709365648,3.28804719306099,3.5504128973028743,4.215051002893571,3.672481113607099,4.114371364888585
2023-08-03,1.7100878644444686,2.792706709909959,3.008161332370338,3.0439900819059944,4.0415264807355875,3.629821206983717,3.2574253214464757,3.534530953740354,4.236805202499414,3.677350673329958,4.13010860833273
2023-08-04,1.7144525408621356,2.7807473894069483,3.0081451367591683,3.0380839946197074,4.064182711224357,3.649566062316507,3.232120642893493,3.4739642301220903,4.238121886068417,3.6511379109356987,4.143509932837874
2023-08-07,1.6943977639717689,2.7692553970838265,2.9742945310335855,3.0200114876940436,4.057857584877801,3.653811922386274,3.1702540235445493,3.4793436476775956,4.249793450613772,3.6161826692114003,4.12046434215215
2023-08-08,1.7232063576049212,2.7755242701345666,2.9904646638477916,3.044223122462206,4.074672124541665,3.678521991633031,3.151851961245596,3.452722788001418,4.245539110403755,3.5714892716800897,4.102928992226844
2023-08-09,1.7233232318328848,2.783784361437383,2.974905163679118,3.0704185640945854,4.06514536567641,3.6867703858954934,3.1687894065154163,3.410179393581076,4.226493839343335,3.583712592280309,4.091507032758984
2023-08-10,1.7447307892668578,2.7701319751113074,3.010192732956165,3.056231706532507,4.028889547692572,3.682633694719331,3.1769499505830794,3.3513544888340894,4.239332908684058,3.570630481138479,4.044272778617053
2023-08-11,1.7439214042469338,2.767485128617962,3.029633939622332,3.0167411528571684,4.008240473281854,3.725922634480143,3.170359930675911,3.365474351389918,4.2502617745780435,3.6270161283398186,4.04883238743774
2023-08-14,1.7804339283364752,2.8056281013821005,3.015985067301058,3.0321889922458083,4.034795814243919,3.739000942517642,3.165211490593451,3.3633442659899186,4.26500047948474,3.6024265926191026,4.038673062102838
2023-08-15,1.81345939866029,2.8380976182590656,3.039524048010711,3.016415049205559,4.027234606082285,3.748394484412681,3.149352433216894,3.3567497918506244,4.262653040252117,3.5819162256254753,4.055995217229145
2023-08-16,1.8064193125846353,2.8447632885464724,3.038820355115186,3.030166758082741,4.0203061233887105,3.7208075929758415,3.1513868077588563,3.382469476003806,4.2485957966796475,3.568547563113694,4.031966229763822
2023-08-17,1.8238108364627907,2.843483462968906,3.0538359334766993,2.9887247865875732,4.012269464322282,3.693001545485639,3.1646644782075373,3.393176074523337,4.215380161638239,3.571370361075533,4.017543875657891
2023-08-18,1.8346997266293879,2.843865460678165,3.061511960997483,3.0045581045284537,4.048333567288637,3.69683722630337,3.130328113634222,3.423483446552669,4.229748998175922,3.55994766547472,3.9853947416720032
2023-08-21,1.8578086871255763,2.8518721494783144,3.0403211572432065,2.976070995288379,4.076589074941419,3.695483979604276,3.13205739673651,3.39136506645487,4.233963117170343,3.5679306391003114,3.96104525974766
2023-08-22,1.8365801102722714,2.829486190532644,3.0255200529551547,2.988756170028007,4.119034571968679,3.6812714206624073,3.148775986513901,3.3887439463340883,4.2127173568713605,3.546428763658836,3.935475512184592
2023-08-23,1.8483939933170195,2.822431513628956,3.0442121231515573,2.987134485229515,4.113946521605457,3.6821839284994278,3.1385668345794127,3.3545025326799074,4.200038737250208,3.516889783134344,3.9534878396063
2023-08-24,1.867678617399568,2.787175966496961,3.035632750854983,2.966171831187139,4.117975145725956,3.7120726014058567,3.150696981167381,3.3480310203883548,4.188819695356735,3.479041622691718,3.9376387369768295
2023-08-25,1.8306435546332196,2.793300155911181,3.0256995085522576,2.9561708318907174,4.085782021699654,3.724120377858976,3.2051297970189463,3.3411984302751354,4.157299733679201,3.432709866295088,3.9382619776338355
2023-08-28,1.8032032662860815,2.802468956611413,3.0028219388714477,2.9661220829360286,4.111545592128197,3.697525089570099,3.1992678230653855,3.3499555849265743,4.137170967653276,3.4185733678117645,3.9268715914627776
2023-08-29,1.760655700153384,2.79104230478793,3.0095309976058213,2.966477049420838,4.086427078525342,3.6935319904497446,3.2053710414879966,3.3491039399719167,4.112731437939654,3.4107908389864043,3.899719363565025
2023-08-30,1.7535296874407633,2.820784164030001,3.0490436199669544,2.9764274330065574,4.089024713776865,3.6756947848089636,3.188872023791039,3.359834206713785,4.102743981678165,3.3964242224130112,3.8946154790778627
2023-08-31,1.7661679719426209,2.7945562901558922,3.0259804010678075,3.014243684082806,4.065366102610147,3.666228225866731,3.1907844864290187,3.3721904487625016,4.086257471097512,3.419579777742692,3.904884985101073
2023-09-01,1.7945281291345472,2.763581808701702,3.0247778063512683,2.981271867998591,4.051901782225379,3.656268928704144,3.1983029350786705,3.41360203846017,4.0520303888301825,3.4424533980848615,3.879042813400212
2023-09-04,1.792766162756331,2.7648269830862895,3.049778355472965,3.010372257511351,4.031912671617773,3.643472155065452,3.1989559198974615,3.4040522433678357,4.089238331454961,3.432513476349359,3.891981207228228
2023-09-05,1.8237562577247262,2.784186733195502,3.04660331170502,3.010877160318785,4.018172950461226,3.6167872316829537,3.176979797560254,3.3836495734114775,4.112706930132515,3.3950528381424894,3.8734045728556423
2023-09-06,1.7945987809994217,2.8163098394636528,3.0540953000690085,2.991346031791316,4.00583504883724,3.6126786904915833,3.1795515854257563,3.387015798156799,4.095571094141109,3.382163288420382,3.8621894467731797
2023-09-07,1.759002667831748,2.8056036898257033,3.0313189651255,2.9632112948959652,3.9933412085581677,3.5999380733740662,3.207267039819538,3.3694417332334377,4.09949105769361,3.368638396161469,3.87127464485281
2023-09-08,1.7563904394563923,2.825676032096906,3.03838383267223,2.9579276126830014,4.00850661239635,3.5398478251765977,3.2147384807124055,3.397579674204745,4.106339085092612,3.3539944225184852,3.856504647310997
2023-09-11,1.7613941415313927,2.8222282558031058,3.0319633404683533,2.973683008017705,3.9837317496313145,3.578229658762845,3.2313006175900565,3.3892377065220547,4.127483195284296,3.337362437536735,3.854578537593928
2023-09-12,1.7593496381232825,2.817385101358061,3.0502873319357215,2.9697414171639256,3.986751969725363,3.59861444340095,3.2251697697435753,3.376535570718346,4.109720486304866,3.3229025711760105,3.846894112571938
2023-09-13,1.7166382896766044,2.833695793661914,3.0726725465211366,2.998602009322992,4.009748646325594,3.58972592245657,3.2388052680861694,3.3657467498494436,4.130200115538634,3.313809232412175,3.848118966260134
2023-09-14,1.7135216420666104,2.8454080044104444,3.123129572541771,2.968244248702223,3.9981504722155883,3.5887680566316438,3.243056378030762,3.3787808514991386,4.117907762634758,3.2997641636161252,3.799169937329926
2023-09-15,1.6861264141147747,2.812574323329021,3.1334163980643037,2.9666966318035635,3.9824862564588974,3.564029131743554,3.222732325495279,3.37432007389277,4.089884676609647,3.302624775846899,3.761270463084026
2023-09-18,1.6974353001005007,2.8400205653326642,3.137847759405072,2.939564197924426,3.9757911989644175,3.595859024308896,3.227018180600381,3.3594021724992875,4.102282842805062,3.307747585174121,3.7715052382140875
2023-09-19,1.7035763861370723,2.866431513530247,3.1405445665512532,2.9456459566915596,3.998194824246266,3.632613919318993,3.2059933684462094,3.3915183319663926,4.126907132402145,3.2883438045451063,3.791057987441703
2023-09-20,1.6836169395930227,2.852758408682554,3.132319389877537,2.962221853676003,4.000915126047831,3.634585943066421,3.192173912131011,3.3732330843356553,4.177503461055256,3.3126032602477435,3.771686402553571
2023-09-21,1.672206876663851,2.859541754768865,3.1379563421643333,2.9526738932199446,3.9891581155732414,3.6539238313676896,3.1948277536944207,3.3728116812338773,4.152376231171014,3.291869289628494,3.76567311092771
2023-09-22,1.6499190974151676,2.8683188496836154,3.1309448051506483,2.899486107276498,3.997732139786098,3.6563260581354644,3.1996691303511193,3.3847542954551777,4.165251116061726,3.2584097685412834,3.7704639871748515
2023-09-25,1.6471921785988155,2.8720589881292047,3.132840687805152,2.901991733341539,3.974212959918481,3.628118212487057,3.1744111441786877,3.3506542563759476,4.155581754314967,3.2645519930976956,3.7828550023371363
2023-09-26,1.6653091011594396,2.8600669612028957,3.1582067146679105,2.9097405805268086,3.986854226277939,3.6188958212583833,3.1945049357529447,3.3592735425546656,4.1702630046760465,3.2472179065600084,3.7413155330543195
2023-09-27,1.6446381895375537,2.8456781031489595,3.1371194726671425,2.916870084930867,3.994069981736799,3.620577989898647,3.204988670623779,3.3372149983498813,4.1398968229562465,3.25268734527998,3.7226383374195766
2023-09-28,1.6537922995918932,2.844240201473113,3.158990223633706,2.940658908511293,3.9869869920580037,3.610560215267761,3.189967281655544,3.3527438337105435,4.113714607186258,3.2036871530019524,3.7150599295665616
2023-09-29,1.6422899259301589,2.8667975605640152,3.184435303686218,2.9183406136240264,3.969318054794774,3.605289928424775,3.158318364432275,3.332593592177879,4.097299889428642,3.2306390505373286,3.7282255122169965
2023-10-02,1.6255796823716053,2.8768167767425967,3.1812211462330895,2.9310921488197286,3.950731649435798,3.602609150361286,3.1545674859373394,3.345596185901549,4.098026383428697,3.24323213178483,3.77734133497812
2023-10-03,1.6226603594624818,2.8686257743908428,3.1380053325428854,2.954163583359256,3.960649280452684,3.600212864693944,3.1448698959500843,3.3669341315174113,4.084426042387898,3.212443885091538,3.7720025047318937
2023-10-04,1.601206407238453,2.8833106428281683,3.1250997870253556,2.9178427259034843,3.9844797847268243,3.600508928728253,3.1463835993155036,3.383413756254426,4.096858023490525,3.1821192368389704,3.7431138497141725
2023-10-05,1.589413901152197,2.8256202704362545,3.1503201579772653,2.923516242442551,3.971014109806936,3.5785773074210083,3.1384017461130798,3.3877205692398755,4.116676395876371,3.2148450349416087,3.750439691278887
2023-10-06,1.5647663762124646,2.8479056173557407,3.149172829643332,2.9127426787344426,3.97949187679001,3.563547017350494,3.097562641810224,3.3824045832933263,4.1279779796133225,3.199407469783694,3.776169639981745
2023-10-09,1.603828964192722,2.8128794271021085,3.1289548703193635,2.9108803105943393,3.937519421739898,3.5376234173584242,3.08956378836613,3.3706442770885587,4.160121817728469,3.1824918581309714,3.778098007723264
2023-10-10,1.6039619757174401,2.8050583487593292,3.1182871123800826,2.9172615807503894,3.9252548076120375,3.5566074688374316,3.082879146630048,3.3994927113901845,4.16786609080286,3.1365985567332695,3.759392777305462
2023-10-11,1.5894244633377246,2.7821219486469424,3.13455651069031,2.9069740072482544,3.9240906267347557,3.513951527780761,3.095009364905665,3.384959804766968,4.142985154376193,3.129039990401374,3.7780096539151993
2023-10-12,1.593190231416404,2.7557144889965195,3.1449773519183326,2.8929460155290174,3.905383128259114,3.536509504511095,3.080531541277439,3.363704653159563,4.169738854510954,3.123971767968654,3.790766736149163
2023-10-13,1.5904589185151297,2.778446272836632,3.139713958027481,2.89314431197132,3.8861682488558644,3.563751740548894,3.1136202828374326,3.3765272799527617,4.157150977891376,3.137796877996586,3.7697603673577924
2023-10-16,1.586419802125492,2.769472524411421,3.1327577453922135,2.8717796687950905,3.8731929333275135,3.558088404410268,3.075767747425424,3.3609848194900587,4.175739623486115,3.1101955850339236,3.7777691553095063
2023-10-17,1.598333586720563,2.776033052640238,3.12455303300554,2.8496936168115896,3.8786672384882435,3.505656113247925,3.1016215479756792,3.341614000134939,4.206844758411419,3.079420299783313,3.7973449172568863
2023-10-18,1.6131426718654953,2.7747535720066403,3.1057637602595562,2.862940013414706,3.874579589064102,3.4980888329525652,3.096794099502103,3.3124008458355294,4.215637449570014,3.0880984834228293,3.8206416490520505
2023-10-19,1.602219915158907,2.783981654796725,3.137758540294567,2.839651398957155,3.8295022306432247,3.496492415972411,3.1136730631945966,3.3024299152919414,4.185401539552343,3.107920351092993,3.818999935791483
2023-10-20,1.5904189984487611,2.785233540720678,3.131027579013088,2.852693097078087,3.7868036756932715,3.475995899676581,3.114984540978519,3.3004910629167594,4.166752744324895,3.0762127521733835,3.8115537949706444
2023-10-23,1.5858928701064698,2.760548601837648,3.1563456550303393,2.862919828535907,3.7756412777368693,3.466666437401157,3.13875055729977,3.306327803070715,4.194182539263339,3.0988179395001194,3.8370741770130112
2023-10-24,1.539680921613961,2.7803004130287943,3.1865984508709917,2.828230168762299,3.7846214842601436,3.4970968161806275,3.130829792810917,3.325180402758908,4.190626560352686,3.0993952511320586,3.812697441755597
2023-10-25,1.509230865539067,2.7702790465346445,3.2064184340030275,2.814532640884662,3.7295251525747153,3.5102491245957395,3.108711149476437,3.3355721264013,4.192071796220606,3.121085123082629,3.821322792743094
2023-10-26,1.5364492036421744,2.7390282613156662,3.1976668805028834,2.838295681699827,3.7194114018058997,3.491638695062394,3.1370020879760756,3.3316355347644535,4.207129137298095,3.119561568606493,3.7938031129500214
2023-10-27,1.569256287443186,2.730373687627334,3.2056492118406013,2.8185801006080187,3.7087941742065373,3.459594441201471,3.1346402045894184,3.327579350767845,4.220963324070688,3.0690237397877205,3.8150183679261995
2023-10-30,1.5658189183188054,2.761932235106767,3.20670865137953,2.810835367028578,3.738104281437453,3.454597446516023,3.14061472572865,3.339325851812896,4.228082671985144,3.067527743808146,3.8114008092807237
2023-10-31,1.577363027837332,2.7789496402064486,3.1886475844223394,2.8200895551510277,3.7304168154606074,3.450341281186425,3.165322734266957,3.364790225328879,4.223922274818146,3.088743590438983,3.8367854442510843
2023-11-01,1.583626705789529,2.772015272379617,3.1951734449180975,2.8357960401980056,3.738115270016752,3.460303939795018,3.1447223042863945,3.3673551841798686,4.2177075807648245,3.070907344918635,3.8466523742395213
2023-11-02,1.6452684438494083,2.7650942401840233,3.1716567709856758,2.83082938436789,3.7410045347092757,3.449661727434439,3.156696244129954,3.3580366889864353,4.234929679161426,3.0632121674312605,3.822252091529057
2023-11-03,1.6677492458833512,2.7587508429649272,3.1954996625601586,2.818968484279309,3.6984825089183833,3.459981022746928,3.144987652805948,3.338268672769976,4.246090373588034,3.0597788011654927,3.8508339499758537
2023-11-06,1.6672682639323946,2.8023631725148026,3.1882846864928496,2.8494932513919378,3.715924023129677,3.5007614734267913,3.144421635571719,3.31144193736039,4.243021743454337,3.003865893446781,3.8839362251830667
2023-11-07,1.6483446874196015,2.8101891138586486,3.1924951119095213,2.8844584769671044,3.7204191855380175,3.5172587261748918,3.14605444717862,3.3249545631004755,4.264851222013414,3.037480077254746,3.9017691873342666
2023-11-08,1.6164267393721867,2.819000925160207,3.198371847698181,2.9042466163404774,3.7307955366892465,3.5165079343860133,3.116260988307418,3.3367251119310035,4.262481518068555,3.0196635420145395,3.8867484083912793
2023-11-09,1.6207304278740782,2.839841010025391,3.1934281640086466,2.9061873949763246,3.80955470660252,3.5130793407494942,3.1009186632355568,3.348506798217684,4.245682690366415,3.0300126664485427,3.8808625450886773
2023-11-10,1.6058609506030228,2.844874330840552,3.2054195776727825,2.8902796181781367,3.768129985447179,3.5062034157005275,3.12819765871845,3.3461911469252734,4.230760814022979,3.028536181360209,3.884028627071423
2023-11-13,1.5799850920190115,2.8422627035320804,3.198490720148275,2.876239945654948,3.8051931340503433,3.5323854495575127,3.1484906980980885,3.376899057451051,4.213755212904726,3.0562577780953384,3.8725236346927367
2023-11-14,1.5674003680169148,2.8386824402331343,3.216263399780173,2.887036961443017,3.79979091734509,3.52018591432124,3.1475846402342973,3.367563421242108,4.208653746255406,3.0647256342266536,3.9067172998247552
2023-11-15,1.5461375847619878,2.8376185918622143,3.1897119829925993,2.8957731026781515,3.8059056722505114,3.521458545318601,3.1528152862219163,3.3870369828036133,4.23369640863949,3.0603953256135954,3.9099720060766354
2023-11-16,1.5802696822023987,2.837263411870977,3.192628839322487,2.9241943392760397,3.8053846920834458,3.5228717680951824,3.1473197008481466,3.3866513896427817,4.21798376975784,3.0429142885021694,3.8562943098734483
2023-11-17,1.5983124685401324,2.8522259939424615,3.2318174105023973,2.937613332325507,3.79730995661423,3.513246075437696,3.174861359763451,3.3748943655479398,4.222163276176946,3.0592812937285565,3.8634914173273183
2023-11-20,1.6011647715486155,2.8562766674934226,3.2148225398451014,2.9105634821251263,3.78892505388427,3.4888085203148296,3.1738660640423833,3.3897567275291105,4.212041245099214,3.0248242234842797,3.859540025225787
2023-11-21,1.6312528155568433,2.8714186302681615,3.2017568016650317,2.9320915957100118,3.7960043898261575,3.49575717161761,3.1789920671155074,3.3984386111332174,4.2073242255042125,3.038231193120225,3.8585306553338454
2023-11-22,1.6333081721706737,2.870312289126868,3.2125429491190878,2.9126383736246013,3.766168906353602,3.4950450826413806,3.2024206604592265,3.406086056779434,4.177631391725385,3.0167582885500055,3.851666258479009
2023-11-23,1.6166089111926292,2.8724114159817105,3.2166610078064006,2.905485371234075,3.7817069127525578,3.505576315078633,3.1873996538108296,3.408238048269079,4.173747050190776,3.0423303848376593,3.868333609859664
2023-11-24,1.6476158462694055,2.832991855822452,3.224218063323255,2.9110338288904924,3.773927478186236,3.495448762481233,3.2191198910321503,3.4080246401661256,4.1704173961260596,3.046100829222296,3.8912718189621143
2023-11-27,1.66179261973836,2.8547169819117624,3.2374003785214693,2.954345751281433,3.7547246640006904,3.5232637610527546,3.191909235432544,3.4591906526187954,4.1846217276020345,3.062381877174559,3.9003314548025494
2023-11-28,1.6416601460307096,2.862259200808601,3.250707257271584,3.017156571780419,3.746336856219653,3.506340734807397,3.225114527433679,3.4834882349015976,4.189699795246021,3.064634102829933,3.8941576804386644
2023-11-29,1.6384817641022593,2.882847794639016,3.27352964574393,3.0299194245963643,3.772108232190126,3.5412099321209762,3.218289407387861,3.49857316443453,4.166360344380202,3.0302149525603346,3.8939593279757028
2023-11-30,1.6216133006018554,2.8255665886424333,3.282369920449791,3.0268993937892477,3.762045432017093,3.5069011034917024,3.2140793339986464,3.501453049165889,4.188688210828364,3.013644270859719,3.8949952218745474
2023-12-01,1.5946162805677284,2.8679930573232078,3.2782037419425802,3.0382484813440187,3.7698734789664448,3.516255479368,3.1769381051601475,3.5222551677629816,4.193553246217963,3.0277510321971066,3.8796055956624103
2023-12-04,1.6168638875762646,2.8689253208180077,3.295379272024538,3.0597256459193987,3.7589784095100387,3.529488149076436,3.1715662668704967,3.536339119348714,4.201245172619417,3.0348082046022067,3.894908224691738
2023-12-05,1.655767030520612,2.8918037872877025,3.334091720857387,3.0540271035431994,3.774851656643456,3.5142918178525635,3.151484946384904,3.5375780245391395,4.201776335686659,3.059142812843265,3.904823881303892
2023-12-06,1.6285233132539874,2.8717333029549503,3.332166680139494,3.090658964871204,3.7892894456290183,3.523507330819542,3.140059653687193,3.53223437224358,4.192148820951973,3.0679359383137674,3.9363603403091836
2023-12-07,1.64052269454438,2.884728777612783,3.3134160906026624,3.0960003766116135,3.8270016188515275,3.549837700771326,3.1380534309279966,3.531356022046907,4.197244864303528,3.0493418970562947,3.9622073324715346
2023-12-08,1.628261736674127,2.8644123598614937,3.336309597500586,3.106707131905625,3.8242422334537274,3.5062532174964285,3.1579611567296384,3.4686994008415297,4.2075085265342835,3.034172507814066,3.9492457276319155
2023-12-11,1.6225027148797293,2.8559204665284734,3.33788546010241,3.1240091028276105,3.8415988154297813,3.5202915995271407,3.166096709638547,3.4768949035083785,4.1765540985882685,3.0402143415054264,3.969635181002992
2023-12-12,1.6114495954010737,2.894995852611931,3.295226828188251,3.1332355940460213,3.844354925226682,3.471220942126661,3.173045001712691,3.4679201409122933,4.166573640847468,2.9947282191915465,3.9514108723472225
2023-12-13,1.5949740589270318,2.8919864835162183,3.312979540650814,3.150818682974968,3.8710766397834964,3.452711924975751,3.151938892855334,3.5005778197975053,4.16227898035895,3.02900133582356,3.9661337932855942
2023-12-14,1.5967578058794432,2.897148455373328,3.3030862913252506,3.1392869336375444,3.857513306424837,3.486108566667285,3.1351371254567946,3.5017780156072553,4.168215706866351,3.0386495849446264,3.9566148237039074
2023-12-15,1.5809606663018196,2.9153716727377006,3.3020974884297645,3.1289427613092213,3.87323527543298,3.4752947887500407,3.1719334885744184,3.4788206099671535,4.1929037897354915,3.064012139636201,3.9369716219869932
2023-12-18,1.590542902486357,2.929458410166093,3.3129101947100854,3.111112776318728,3.8735144291795867,3.4559902891308023,3.1614025675480937,3.481996106553532,4.181642073112496,3.0365731604889583,3.946745628509882
2023-12-19,1.5903892768268757,2.9333179247984664,3.3175713248351686,3.120753937460634,3.8730818021669187,3.4528826710806104,3.1953778691187416,3.4619248213817833,4.172533972705641,3.062315600225565,3.8941054224763003
2023-12-20,1.586467530108032,2.941474359066275,3.3326175753964336,3.1371898817493604,3.8757740660743702,3.495098012062366,3.1913738593596084,3.472250183914517,4.163140504711194,3.1078027926646046,3.8599431252066805
2023-12-21,1.5691790486493238,2.990405462553164,3.32477063976716,3.147208130854522,3.8816816657850275,3.459327158900369,3.192282409864602,3.4789319229834303,4.147972744691227,3.0822480173391815,3.8572560793133177
2023-12-22,1.5585114896056236,2.9901209541801586,3.3359006232983477,3.181565847089139,3.8802249524902543,3.439168828235248,3.2145575806368667,3.4989565831732614,4.141896882356647,3.0985439208049232,3.859772782213682
2023-12-25,1.57790946165977,2.9984330826520895,3.3349998372843013,3.1857440742501892,3.8888093636912964,3.473407609436472,3.2442855766132714,3.487429094877002,4.161603074294039,3.1028562672363007,3.856676554348149
2023-12-26,1.5888109304992035,3.020329295659187,3.3506591719889967,3.2000020324489853,3.9212548499294857,3.511444781394173,3.242952450494635,3.4889923818885107,4.1414094894736975,3.072850715358282,3.8259709534607422
2023-12-27,1.5701454980126917,3.043325486727807,3.363852194078717,3.1790536873356583,3.9418495160512497,3.5102618293178263,3.236073261833664,3.4625776183894375,4.150851449786215,3.0835940672047784,3.810498789027432
2023-12-28,1.5730198552951298,3.067953804012868,3.3460311312116793,3.172199404460024,3.9601203190750414,3.486368486441147,3.2358425640370734,3.4774952252017854,4.117701116359702,3.101153842475379,3.819210686746034
2023-12-29,1.5889368385385632,3.0816176492294494,3.3686400143111777,3.186999400387337,3.951898769330562,3.529174597253328,3.2434909553777134,3.4887618895865855,4.107363597206856,3.0900205521979993,3.831735562934599
2024-01-01,1.5598816649099407,3.0630904829686445,3.362253677402702,3.2083143745960054,3.9384468847598,3.565396377082117,3.2656499611089136,3.503010922000942,4.105106743196301,3.117671814596909,3.8357440325764838
2024-01-02,1.5716391295201775,3.0966493743773036,3.379305094130962,3.203325296405359,3.9584431566871925,3.579865577599999,3.266624819051434,3.503933563390718,4.1394941974172195,3.0852268072237625,3.859770968959862
2024-01-03,1.559275895117258,3.074611707292928,3.387540081174987,3.2027825521441957,3.9768533333137865,3.5645067713972485,3.2798917857878953,3.513118261982492,4.134887392098164,3.0562209250707677,3.868608150205045
2024-01-04,1.5715755796629747,3.0815521277715625,3.425191465884743,3.1733127883844334,4.00719445800266,3.5644138957543414,3.3135466916071676,3.5460927553225177,4.091750233802999,3.0598405841563965,3.854546748299734
2024-01-05,1.5571960689415838,3.067352283180634,3.4216078186467653,3.16705787677776,3.9960005178927345,3.562092366542904,3.3220585562619225,3.5412765425911363,4.052658128075233,3.061233962125301,3.849822379640962
2024-01-08,1.5253992594818224,3.0703703488023035,3.4189223152779302,3.189166372601685,3.9957103773390563,3.5730102251887446,3.332592445935547,3.5483502788188668,4.057639552355695,3.0512033249103476,3.826065889050332
2024-01-09,1.4937208507952073,3.0778180370794215,3.4194063632312237,3.2015429129948645,3.9637931341595958,3.6029026940224194,3.303086669504794,3.5275001929062872,4.070787409542542,3.0682676537008335,3.8247755493135527
2024-01-10,1.4955504172961016,3.085113048956093,3.414210635142205,3.2124240949901552,3.956811579606045,3.621358902412834,3.251339934335879,3.511002841241987,4.079164394262754,3.0797534075528192,3.8478854292656464
2024-01-11,1.5016076591126548,3.0944142558229224,3.431072264963169,3.214282360515898,3.9776057815997574,3.600674172655262,3.2599702407026063,3.513821898885977,4.0833785881608975,3.0977789807536227,3.862454022741989
2024-01-12,1.4843785408290509,3.1275456954225795,3.399603267012922,3.2152808379069455,3.9691330882336775,3.629061315874137,3.2589309702954727,3.536757784038499,4.107480994329495,3.096173466265062,3.891351423478856
2024-01-15,1.501344704745302,3.1408106961935633,3.3827239333706984,3.2062687298581802,3.986136998878398,3.639518273415104,3.2528296315378817,3.5358264822941714,4.100883484655456,3.1124193863653327,3.889488033343579
2024-01-16,1.4689442249576612,3.1367574849454885,3.362197796396853,3.2210752197199697,3.98315685821618,3.654089510790021,3.2585301570793472,3.5319380731656675,4.119611617233731,3.104336301762471,3.917239950691603
2024-01-17,1.4684444917353123,3.1568610910618533,3.3820258109869217,3.2303165413583548,3.9904598615312086,3.6842421907261906,3.2581439452460064,3.524622231026177,4.0877931822838,3.1462345383148005,3.914195728913241
2024-01-18,1.445037482133578,3.181463815233861,3.417051392832075,3.2409702327117254,3.9683193481284103,3.662823900129434,3.281512864652199,3.5147404120028054,4.0705075400185535,3.1307969373058757,3.9444407449581536
2024-01-19,1.4328050388970892,3.1577159378506754,3.4157666873808803,3.2312538147779284,3.970827816040643,3.6629116674748596,3.284039360936933,3.5214441200365365,4.035170991039472,3.1737071648145965,3.944807888928865
2024-01-22,1.4377679356591953,3.1736788625834498,3.4164051762528573,3.192201879716281,3.9150200199584058,3.656297499783453,3.2731158185713074,3.495513890468741,4.033689008361853,3.1784198470921625,3.9629674397407286
2024-01-23,1.4213229899047564,3.188465638980908,3.4185695410663612,3.2149082555025954,3.9120454183464064,3.625703632827384,3.2936824649017336,3.521896003553316,4.033527105567766,3.1516729508520274,3.9932330085781667
2024-01-24,1.4143837725323434,3.1832662624258923,3.442559000630709,3.206083399894611,3.8801878469842874,3.6333897258916656,3.2900917369149933,3.509339451102911,4.036561028924481,3.1797864313739828,3.990116349518726
2024-01-25,1.4352496252732132,3.2115203952487055,3.4247519345034783,3.1895678811703294,3.9050477338718044,3.6843608534799355,3.30136246714502,3.5245175173682544,4.038538692538804,3.183044455698463,3.995224125826191
2024-01-26,1.424439422092509,3.209246917717813,3.4302469483679325,3.2041650936183674,3.9213235151368533,3.6482869327995786,3.2925418872309224,3.499845179630135,4.020715260132328,3.2007945718758264,4.021729028540074
2024-01-29,1.444918524306294,3.215523706759727,3.453516160936064,3.2000901007924676,3.9344221947486573,3.651406580551072,3.2833106094934563,3.516987242213542,4.020675703216547,3.229036950219161,4.022834225233956
2024-01-30,1.4229979934335075,3.212735876494415,3.4642116505552267,3.221962434693766,3.9655159255122108,3.6648910454729333,3.2856675803175364,3.531099740590198,3.9914003760647976,3.236469667522427,3.997089985804198
2024-01-31,1.4342530515769727,3.2137064320312048,3.4686622574723613,3.2349615282704596,3.947196569680874,3.668011584091216,3.2865831277735698,3.5394427566154754,4.019323930152602,3.2252838252113296,4.040609101481056
2024-02-01,1.463728325557422,3.192424831860592,3.4893270808909955,3.2492768163017605,3.982787735206476,3.6663929246081928,3.2968235700481974,3.520198087746771,4.013895310261933,3.245441994332007,4.031857713761606
2024-02-02,1.4149238271880982,3.164252205841928,3.4358908266642323,3.2225860937109716,4.002059958124906,3.6410369889724983,3.2920790466152243,3.5258174431719542,4.004745979514281,3.2460854961143206,4.035661226413577
2024-02-05,1.4024348674861855,3.199591252513924,3.4528972784623475,3.2502739188261964,4.0007777977880234,3.6491416692387983,3.2588007963473133,3.505605264884763,4.03997373149066,3.263251597893986,4.062230305210097
2024-02-06,1.4145383865964394,3.1832141021142,3.440377841366442,3.2560610060175166,4.024052277298326,3.6345684662651228,3.2507073952421885,3.5011120763494827,4.0156908773863185,3.2207390629847996,4.050622503702116
2024-02-07,1.4110219324069628,3.1639307086564568,3.4043096369606958,3.2492199167639755,4.002470860581476,3.591314485696935,3.2671282181164476,3.522244791899972,3.993723588637062,3.2302231508563795,4.031009598969057
2024-02-08,1.4189712729229098,3.121389329432904,3.4150601119997166,3.252614109159342,3.9865070003994436,3.6157327531557306,3.261707119580107,3.5387052534899084,3.9723256051882117,3.2179778574020004,4.036610767953075
2024-02-09,1.4073995596494713,3.1091180849399915,3.4430412733638533,3.2175973949622527,3.9748431963955273,3.6354084600134495,3.2572874419906936,3.5395169028015943,3.9714761680150996,3.2515520406064495,4.001257230455704
2024-02-12,1.4122019224091529,3.0857268560820654,3.4433628700815233,3.22884101820209,3.9673342092444708,3.6395122465606944,3.280085539119036,3.5230913382933613,3.9831793676180753,3.2670843545744543,3.99856967592857
2024-02-13,1.4095187277563301,3.1189975093398123,3.4628507110806015,3.208683938093468,3.9466334064442847,3.6445240903798277,3.266276424628877,3.5364334425918647,3.9984032270354515,3.2723118595464595,4.003900799269896
2024-02-14,1.4332843601882712,3.139603842325409,3.4955062674391186,3.1820405235753415,3.9715050589849357,3.666420441832883,3.2358303514627633,3.5372310585445694,4.050253124584096,3.2824480506122087,3.998911752532139
2024-02-15,1.4387620417932554,3.1262301001608144,3.5221938212497594,3.1519826045899437,3.966717235716499,3.6712964997074047,3.2330069938112134,3.4912140113189207,4.0056537402390395,3.262868498293634,3.968431998407383
2024-02-16,1.4458822718521198,3.1716469930850613,3.555361288654548,3.174604548907103,3.974135511900997,3.689745027619992,3.223691691603599,3.5072347846626117,4.018196628838889,3.295701808921555,4.000683734348824
2024-02-19,1.4402803447638823,3.193917915059105,3.5728394507101977,3.164654893267459,3.9653640968069355,3.686430995836727,3.2070023774427456,3.5093857402194297,4.009689629621656,3.3381648295241053,4.005390109662019
2024-02-20,1.4308085573389169,3.1877016244454173,3.574628460544714,3.1956097845222735,3.9292323678524497,3.7129510076646897,3.2037751453812566,3.533715102235576,3.998241663700365,3.346303436791554,4.034293489073739
2024-02-21,1.422414931217155,3.137971047782576,3.542846681941401,3.1851512928958576,3.9348910526549083,3.719624259817974,3.2138627959608224,3.5120672294933497,3.9861037587699175,3.3783690457976574,4.029350301704761
2024-02-22,1.4305383898492678,3.184024315018938,3.5381598479633496,3.1512385495285464,3.8968803689310603,3.723739714474639,3.2139114405140137,3.4487675690139774,3.9681627811383056,3.367220497608754,4.011984477855491
2024-02-23,1.4223296785905994,3.1564438440414024,3.5215058944147617,3.129119039087309,3.895718666367087,3.6985494710581346,3.2202620403254745,3.4545602245386173,4.002064256188111,3.3514892046419913,4.0175790746183315
2024-02-26,1.4302755647635879,3.125686258137325,3.5670751377997787,3.1559856605225085,3.870502754625491,3.7064389771792294,3.258680583330843,3.4625418871073173,4.021060591763449,3.3544580886516293,4.015413721126827
2024-02-27,1.4718977938793105,3.1462518799203316,3.563671634693945,3.152981910106589,3.910362487752921,3.689914091972154,3.251937219242506,3.4288426676980017,4.021638724477411,3.363271122561801,3.991972705109814
2024-02-28,1.489409591753196,3.195136231852369,3.566225034634887,3.1421054679820286,3.9286790460016676,3.6772377412468362,3.257593495740651,3.409361980585922,4.048748343332402,3.3554806927421903,4.021457694090815
2024-02-29,1.4829532430006136,3.222885810113353,3.5773188640464704,3.1453699543898583,3.9308582437178714,3.660994350571288,3.247473350379442,3.4645304573510938,4.018561885917199,3.366300178440335,4.00907641152371
2024-03-01,1.5070161963052187,3.234202667375727,3.5782295878352457,3.155444283974536,3.956171052132291,3.6397083267946293,3.2305848308430294,3.4584569199293442,3.991986458151907,3.372466642943129,3.9723097586891254
2024-03-04,1.5004766232337299,3.247719688597975,3.6137525430328035,3.1794141946815273,3.9408666669719183,3.683825689243911,3.2205086121636164,3.4746980338458107,3.9500490378969557,3.3541224418262505,4.000495014157214
2024-03-05,1.4596485200653888,3.2647223873087974,3.6012339433333302,3.2083185668146017,3.9516706420805363,3.7103868580188952,3.2108678282683982,3.461619224833659,3.9359951346297057,3.3644326897105006,3.990343441376178
2024-03-06,1.439394523378027,3.2798086886355184,3.6050338219690614,3.201030923429806,3.955574580285897,3.7487019375927666,3.217965073750327,3.419720896387582,3.939136834694787,3.3816109840919175,3.978094693054851
2024-03-07,1.4018595377117267,3.2853133698691224,3.5900652630093166,3.1743908224623816,3.9607358346667865,3.724124889955872,3.2648274422385586,3.4161965842058803,3.94107485900765,3.3849212231979418,3.942667794068468
2024-03-08,1.3946830331999773,3.287251157117237,3.56351857795398,3.1659752844089937,3.986036669837999,3.7254037301231664,3.250360338682119,3.410738258169235,3.943915462397925,3.407827950432253,3.977340388969485
2024-03-11,1.396109313022241,3.2870572067977197,3.552341108374347,3.1722388067791245,4.0017444241320685,3.700591489857558,3.243085744808283,3.403798605634341,3.9167522380150763,3.3845377868007867,3.952608689463765
2024-03-12,1.4293815274322186,3.2717213831848575,3.55134384059785,3.1527070964193835,4.00726236555304,3.6864210604780876,3.241566752710529,3.4012492570886845,3.932558801031828,3.393640263407895,3.9535211472423493
2024-03-13,1.4356355230102498,3.2658233297502703,3.542473244210253,3.133279526224231,3.9738800649312225,3.6677739689125044,3.2491981777874726,3.4062500706243455,3.9370667994993562,3.3699500973827075,3.971489001795905
2024-03-14,1.4309407786796944,3.2316514597119843,3.528312090858398,3.1398425501008504,3.954366405271255,3.6922529152869576,3.2541564602721897,3.4029349978448913,3.951415151374298,3.3473557364636672,3.9796106067015895
2024-03-15,1.4471878212473506,3.2293435981200758,3.4998446725289476,3.138528434013428,3.9515711575433268,3.683987252668909,3.2794973070951388,3.3773138054299303,3.9132188387664835,3.3343960507328982,3.9780764514057316
2024-03-18,1.4034316174131516,3.210038278323016,3.4986490634223326,3.1396508762676185,3.953905107374819,3.7058213416887478,3.231435968030393,3.387504003607128,3.9199151582883984,3.3160213494073725,3.944509636585943
2024-03-19,1.4076881324245933,3.1875107158279716,3.468098879790983,3.1240251934228875,3.9308452567306107,3.7174479833297887,3.18324159447575,3.34806079234995,3.895704077339318,3.3046056568818196,3.9278593637198678
2024-03-20,1.422620684394875,3.1906238469435833,3.4828152471573173,3.1189324272313144,3.9785940383347214,3.763036006464427,3.1728392791280893,3.3065688912968083,3.887272860380833,3.2998378987601384,3.9311306185732597
2024-03-21,1.392535129343273,3.21795006253447,3.4839502120800026,3.0999339342099432,4.008408089303788,3.7329332918656273,3.1942714527429583,3.3208386710548345,3.8974463282175558,3.3160671583507613,3.914873307037515
2024-03-22,1.4148672079875482,3.235773392434653,3.45425617987084,3.117194900212575,4.019907453491774,3.7575749544414996,3.1624154898909826,3.330436074277678,3.8987251981228104,3.3091009753567833,3.9183974940176274
2024-03-25,1.4214934178033798,3.204219662028132,3.447928279995786,3.1377561685729938,4.021204472383392,3.7803600535154573,3.102119124763051,3.3291444486421407,3.881550680193167,3.277244742887335,3.9318886438598732
2024-03-26,1.4125272036666332,3.183766643437995,3.4322246960252443,3.1001719554695013,4.016299837126638,3.7602320208961864,3.112882257028705,3.300575022688309,3.881015687458125,3.299385643958508,3.9504782457171443
2024-03-27,1.4244928739008034,3.201892100109804,3.437918219145672,3.0808917711776975,3.9965715008382383,3.7796847205376944,3.1170654344148034,3.2857268367868713,3.8496950140652966,3.2819538741982512,3.9252646914729348
2024-03-28,1.469187211077579,3.1815228322597253,3.4640077080868226,3.050241666096584,3.9974015912293033,3.7856880998189064,3.0945417462995026,3.2797523818538292,3.8719808420039503,3.2800599456768462,3.9684780925932026
2024-03-29,1.4720754304031076,3.1762810634841436,3.425755152918267,3.0364920816328045,4.001807536256517,3.7803894688441972,3.0740818485094428,3.247085396706706,3.8671260558383844,3.28824157004002,3.9830785737086436
2024-04-01,1.4762759420865668,3.186518205422087,3.4272917744586673,3.0340594221944492,3.9762084247043368,3.763146859062209,3.053923074074201,3.231540923503693,3.8887331546809425,3.2914698783655276,3.9822803905927153
2024-04-02,1.4662211215149707,3.166283713744023,3.423221515966543,3.0041989152196877,3.9820243504684436,3.7478970674524343,3.0552661778428893,3.2437199276864357,3.8773349183582306,3.312485866735166,4.003203519673456
2024-04-03,1.4483270128313894,3.1674940025726563,3.4357510962012667,2.9848644976628957,3.9780219481976626,3.787996088073867,3.0418426510249432,3.271368813677934,3.8659661772958134,3.321168708308735,4.049614453819171
2024-04-04,1.4640069089062568,3.1398866724182755,3.4390882085100034,2.9638585299652487,3.938938976784098,3.7870829241969997,3.0507971091484363,3.2620532983687465,3.849755621307039,3.3030156964587762,4.019913231542016
2024-04-05,1.4459288416929041,3.1269029288440757,3.423092431180052,2.9670474858580524,3.9207748858733327,3.8017691335324533,2.9927481851951736,3.2762266747598927,3.8663227092457255,3.3456305492434333,4.014451587997013
2024-04-08,1.4459751178771674,3.131913518966802,3.415326303906595,2.9670493240386526,3.911117726644775,3.7845660973389776,2.9742260993324927,3.236560424788019,3.8507490375390314,3.348132169950074,3.9654979062394227
2024-04-09,1.4353477567817003,3.0989794321360042,3.3983315746103604,2.9515403608117428,3.9477972676314144,3.7678948262543805,2.950630807954107,3.2486752374501267,3.8625667340271703,3.344111153257479,3.9682767247322173
2024-04-10,1.443823844485724,3.1066854180843078,3.4187482085714285,2.953973269443627,3.9578248213111853,3.788431013628475,2.944400485575753,3.231492760344673,3.8538141772628802,3.362286152907686,3.974481100759816
2024-04-11,1.4493643620090253,3.1051599375233367,3.4180417169624295,2.941906943169444,3.9299824653467494,3.760306764815007,2.9325068058235124,3.2365069480963946,3.81316218668261,3.36614244724385,3.972565133868523
2024-04-12,1.468953310076681,3.1150478857941764,3.454903679859987,2.93531199014542,3.9385413403175997,3.7508406386393984,2.947301830603925,3.2303900489140975,3.800594054509378,3.3729651602851343,3.9583126116310554
2024-04-15,1.45675482645339,3.1175280128292746,3.4516923079374986,2.966782876305195,3.905597104892637,3.7495230312146477,2.9081169395245285,3.2548001734635785,3.775013734575926,3.420810684610952,3.915324165661093
2024-04-16,1.450080039517478,3.143533533198706,3.436246884369244,2.992314809110957,3.925973637740333,3.750473195021404,2.9077494808210984,3.236034172266735,3.7744145008195273,3.4140309678158065,3.9215175510992832
2024-04-17,1.4291989272600933,3.144732185309926,3.4046667585752495,2.965017346430667,3.9152453067622375,3.7455854913793423,2.9176103713435944,3.247280460276234,3.7493005081642994,3.4063699119937203,3.949320402835851
2024-04-18,1.418978815238833,3.1348098276676835,3.367269718230393,2.9802777479685125,3.9120383361677162,3.752167640181523,2.9534090732550955,3.240356064190565,3.7664857633588538,3.407367235414231,3.9361657869014444
2024-04-19,1.4251623186538493,3.1358932712824483,3.3342244929244025,2.9951431726124635,3.937191762672679,3.7646622488519985,2.942411247387345,3.2358274481844913,3.7633017397059123,3.4274350476799715,3.9436044790360274
2024-04-22,1.4377077613052842,3.1441649021817035,3.3369726962631594,2.9695835771559387,3.9088541616195216,3.7767606700797125,2.946306089792923,3.2295560406398343,3.757155490129265,3.394710037394691,3.909647263086153
2024-04-23,1.4177905691531898,3.143668217919676,3.3456733110592163,2.984485244362494,3.87943791224872,3.755570708237814,2.908754948273134,3.2111686928814103,3.768799447216475,3.353925033896619,3.917317638691462
2024-04-24,1.43368141315788,3.1429787773463307,3.312548222621151,3.013742608333322,3.8662646513243772,3.7483863318818154,2.8594145497894505,3.209385439165854,3.7865763115005695,3.340681454086793,3.9079487183391457
